DR Number,Date Reported,Date Occurred,Time Occurred,Area ID,Area Name,Reporting District,Crime Code,Crime Code Description,MO Codes,Victim Age,Victim Sex,Victim Descent,Premise Code,Premise Description,Weapon Used Code,Weapon Description,Status Code,Status Description,Crime Code 1,Crime Code 2,Crime Code 3,Crime Code 4,Address,Cross Street,Location 
"011401303,09/13/2010,09/12/2010,0045,14,Pacific,1485,740,""VANDALISM - FELONY ($400 & OVER, ALL CHURCH VANDALISMS)"",0329,0,M,W,101,STREET,,,IC,Invest Cont,740,,,,SEPULVEDA                    BL,MANCHESTER                   AV,""(33.9599, -118.3962)"""
"070309629,08/09/2010,08/09/2010,1515,13,Newton,1324,946,OTHER MISCELLANEOUS CRIME,0344,0,M,H,103,ALLEY,,,IC,Invest Cont,946,,,,1300 E  21ST                         ST,,""(34.0224, -118.2524)"""
"100100508,01/08/2010,01/07/2010,2005,01,Central,0182,330,BURGLARY FROM VEHICLE,0344,46,M,H,101,STREET,,,IC,Invest Cont,330,,,,PICO                         BL,GRAND                        AV,""(34.0389, -118.2643)"""
"100100511,01/09/2010,01/06/2010,2100,01,Central,0132,341,""THEFT-GRAND ($950.01 & OVER)EXCPT,GUNS,FOWL,LIVESTK,PROD"",0344 1402,55,M,W,710,OTHER PREMISE,,,IC,Invest Cont,341,998,,,200 S  OLIVE                        ST,,""(34.0538, -118.2488)"""
"100100523,01/15/2010,01/15/2010,0245,01,Central,0182,740,""VANDALISM - FELONY ($400 & OVER, ALL CHURCH VANDALISMS)"",0329,24,F,W,102,SIDEWALK,,,AA,Adult Arrest,740,,,,1100 S  OLIVE                        ST,,""(34.0409, -118.2609)"""
"100100552,01/23/2010,01/23/2010,1225,01,Central,0192,237,CHILD NEGLECT (SEE 300 W.I.C.),1251,11,M,H,502,""MULTI-UNIT DWELLING (APARTMENT, DUPLEX, ETC)"",,,IC,Invest Cont,237,,,,1300 S  FLOWER                       ST,,""(34.0401, -118.2668)"""
"100100562,01/28/2010,01/28/2010,2345,01,Central,0152,626,INTIMATE PARTNER - SIMPLE ASSAULT,0416 2000,28,M,O,108,PARKING LOT,400,""STRONG-ARM (HANDS, FIST, FEET OR BODILY FORCE)"",IC,Invest Cont,626,,,,500 S  GRAND                        AV,,""(34.0502, -118.254)"""
"100100575,02/01/2010,01/31/2010,1720,01,Central,0181,341,""THEFT-GRAND ($950.01 & OVER)EXCPT,GUNS,FOWL,LIVESTK,PROD"",1402,36,M,W,710,OTHER PREMISE,,,AA,Adult Arrest,341,,,,1100 S  FIGUEROA                     ST,,""(34.0437, -118.2652)"""
"100100610,02/11/2010,02/10/2010,1800,01,Central,0162,442,SHOPLIFTING - PETTY THEFT ($950 & UNDER),0325 1402,23,M,B,404,DEPARTMENT STORE,,,AA,Adult Arrest,442,998,,,700 W  7TH                          ST,,""(34.048, -118.2577)"""
"100100616,02/11/2010,02/11/2010,1515,01,Central,0192,341,""THEFT-GRAND ($950.01 & OVER)EXCPT,GUNS,FOWL,LIVESTK,PROD"",1212,0,M,H,102,SIDEWALK,,,AA,Adult Arrest,341,,,,PICO,GRAND,""(34.0389, -118.2643)"""
"100100638,02/20/2010,02/20/2010,0100,01,Central,0164,740,""VANDALISM - FELONY ($400 & OVER, ALL CHURCH VANDALISMS)"",0329,0,M,O,101,STREET,,,AA,Adult Arrest,740,,,,100 W  7TH                          ST,,""(34.0439, -118.2514)"""
"100100650,02/25/2010,02/25/2010,0030,01,Central,0111,310,BURGLARY,0344 1251,20,F,A,502,""MULTI-UNIT DWELLING (APARTMENT, DUPLEX, ETC)"",,,IC,Invest Cont,310,,,,500 N  FIGUEROA                     ST,,""(34.0617, -118.2469)"""
"100100654,02/27/2010,02/27/2010,1955,01,Central,0174,946,OTHER MISCELLANEOUS CRIME,,0,M,W,101,STREET,,,AA,Adult Arrest,946,,,,W  7TH                          ST,S  SPRING                       ST,""(34.0445, -118.2523)"""
"100100660,03/01/2010,03/01/2010,0100,01,Central,0148,648,ARSON,1501,0,M,O,101,STREET,,,IC,Invest Cont,648,,,,5TH,SAN PEDRO                    ST,""(34.0435, -118.2427)"""
"100100697,03/12/2010,03/12/2010,1520,01,Central,0151,341,""THEFT-GRAND ($950.01 & OVER)EXCPT,GUNS,FOWL,LIVESTK,PROD"",0344 1402,0,M,X,101,STREET,,,AA,Adult Arrest,341,998,,,7TH,FIGUEROA,""(34.0499, -118.2614)"""
"100100725,03/18/2010,03/18/2010,0015,01,Central,0145,230,""ASSAULT WITH DEADLY WEAPON, AGGRAVATED ASSAULT"",0400,27,F,W,210,RESTAURANT/FAST FOOD,512,MACE/PEPPER SPRAY,AA,Adult Arrest,230,,,,400 S  MAIN                         ST,,""(34.0482, -118.2472)"""
"100100726,03/19/2010,03/19/2010,1000,13,Newton,1307,624,BATTERY - SIMPLE ASSAULT,0416 0429 0917 1804,32,F,H,203,OTHER BUSINESS,400,""STRONG-ARM (HANDS, FIST, FEET OR BODILY FORCE)"",IC,Invest Cont,624,,,,800 E  8TH                          ST,,""(34.0371, -118.2475)"""
"100100733,03/21/2010,03/21/2010,1000,11,Northeast,1171,946,OTHER MISCELLANEOUS CRIME,1402,0,M,W,102,SIDEWALK,,,IC,Invest Cont,946,998,,,WAVERLY,SUNSET                       BL,""(34.0917, -118.2741)"""
"100100738,03/22/2010,03/19/2010,1730,01,Central,0195,627,CHILD ABUSE (PHYSICAL) - SIMPLE ASSAULT,0416 0552,5,M,W,502,""MULTI-UNIT DWELLING (APARTMENT, DUPLEX, ETC)"",400,""STRONG-ARM (HANDS, FIST, FEET OR BODILY FORCE)"",AA,Adult Arrest,627,,,,1800 S  MAIN                         ST,,""(34.0317, -118.2641)"""
"100100740,03/25/2010,03/22/2010,1915,01,Central,0142,230,""ASSAULT WITH DEADLY WEAPON, AGGRAVATED ASSAULT"",0416,49,M,W,101,STREET,400,""STRONG-ARM (HANDS, FIST, FEET OR BODILY FORCE)"",IC,Invest Cont,230,,,,4TH                          ST,GRAND                        AV,""(34.0516, -118.2526)"""
"100100744,03/23/2010,03/23/2010,0230,01,Central,0101,740,""VANDALISM - FELONY ($400 & OVER, ALL CHURCH VANDALISMS)"",0311 0329 0906,62,M,W,501,SINGLE FAMILY DWELLING,,,IC,Invest Cont,740,,,,1200    INNES                        AV,,""(34.0717, -118.2493)"""
"100100753,03/25/2010,03/25/2010,0240,01,Central,0171,946,OTHER MISCELLANEOUS CRIME,0906 1501,32,F,H,502,""MULTI-UNIT DWELLING (APARTMENT, DUPLEX, ETC)"",,,AA,Adult Arrest,946,,,,900    GEORGIA                      ST,,""(34.0475, -118.2657)"""
"100100764,04/01/2010,03/29/2010,2320,01,Central,0176,740,""VANDALISM - FELONY ($400 & OVER, ALL CHURCH VANDALISMS)"",0329,0,M,O,203,OTHER BUSINESS,,,IC,Invest Cont,740,,,,SAN PEDRO                    ST,9TH                          ST,""(34.0373, -118.2503)"""
"100100792,04/10/2010,04/10/2010,1710,01,Central,0135,210,ROBBERY,0302,61,M,O,406,OTHER STORE,102,HAND GUN,IC,Invest Cont,210,,,,100 E  3RD                          ST,,""(34.0496, -118.2458)"""
"100100799,04/12/2010,04/12/2010,1700,01,Central,0111,740,""VANDALISM - FELONY ($400 & OVER, ALL CHURCH VANDALISMS)"",0329 1251 1300,23,F,H,122,""VEHICLE, PASSENGER/TRUCK"",,,IC,Invest Cont,740,,,,YALE,COLLEGE,""(34.0672, -118.2385)"""
"100100802,04/14/2010,04/14/2010,1515,01,Central,0155,946,OTHER MISCELLANEOUS CRIME,0914,0,M,W,101,STREET,,,AA,Adult Arrest,946,,,,200 E  6TH                          ST,,""(34.0446, -118.249)"""
"100100803,04/14/2010,04/14/2010,0915,01,Central,0161,341,""THEFT-GRAND ($950.01 & OVER)EXCPT,GUNS,FOWL,LIVESTK,PROD"",0344 1402,41,M,W,203,OTHER BUSINESS,,,IC,Invest Cont,341,998,,,700 S  FIGUEROA                     ST,,""(34.0494, -118.2599)"""
"100100812,04/16/2010,04/16/2010,0800,01,Central,0152,441,THEFT PLAIN - ATTEMPT,1402,0,M,O,101,STREET,,,IC,Invest Cont,441,998,,,7TH,OLIVE,""(34.0467, -118.2556)"""
"100100826,04/17/2010,04/17/2010,1300,01,Central,0124,745,VANDALISM - MISDEAMEANOR ($399 OR UNDER),0329 1402,0,M,O,101,STREET,,,IC,Invest Cont,745,998,,,1ST,MAIN                         ST,""(34.0522, -118.2434)"""
"100100828,04/17/2010,04/17/2010,1900,01,Central,0111,930,CRIMINAL THREATS - NO WEAPON DISPLAYED,0400 0421 0432 1402,20,M,O,102,SIDEWALK,511,VERBAL THREAT,IC,Invest Cont,930,998,,,CESAR E CHAVEZ               BL,SPRING                       ST,""(34.0582, -118.2387)"""
"100100832,04/18/2010,04/18/2010,0330,01,Central,0153,745,VANDALISM - MISDEAMEANOR ($399 OR UNDER),0329,9,M,O,102,SIDEWALK,,,IC,Invest Cont,745,,,,500 S  HILL                         ST,,""(34.0488, -118.2518)"""
"100100853,04/25/2010,04/25/2010,1415,01,Central,0123,350,""THEFT, PERSON"",0344,60,M,H,101,STREET,,,IC,Invest Cont,350,,,,1ST,BROADWAY,""(34.0537, -118.2455)"""
"100100861,04/30/2010,04/29/2010,1945,04,Hollenbeck,0453,745,VANDALISM - MISDEAMEANOR ($399 OR UNDER),0329,0,M,H,203,OTHER BUSINESS,,,IC,Invest Cont,745,,,,200 E  BOYLE                        ST,,""(34.0486, -118.2192)"""
"100100862,04/30/2010,04/30/2010,2005,01,Central,0185,745,VANDALISM - MISDEAMEANOR ($399 OR UNDER),0311 0329 1402,9,F,H,102,SIDEWALK,,,IC,Invest Cont,745,998,,,9TH,MAIN                         ST,""(34.0411, -118.2545)"""
"100100872,05/03/2010,05/03/2010,0746,01,Central,0124,755,BOMB SCARE,0404,9,M,H,725,""GOVERNMENT FACILITY (FEDERAL,STATE, COUNTY & CITY)"",511,VERBAL THREAT,IC,Invest Cont,755,,,,200 N  SPRING                       ST,,""(34.054, -118.2435)"""
"100100877,05/05/2010,05/05/2010,1810,01,Central,0158,624,BATTERY - SIMPLE ASSAULT,0416,34,F,B,101,STREET,400,""STRONG-ARM (HANDS, FIST, FEET OR BODILY FORCE)"",IC,Invest Cont,624,,,,7TH                          ST,CERES,""(34.0377, -118.2425)"""
"100100879,05/05/2010,05/05/2010,1500,01,Central,0182,310,BURGLARY,0344,0,M,O,502,""MULTI-UNIT DWELLING (APARTMENT, DUPLEX, ETC)"",,,IC,Invest Cont,310,998,,,1100 S  GRAND                        AV,,""(34.0416, -118.262)"""
"100100880,05/05/2010,05/05/2010,2125,01,Central,0162,341,""THEFT-GRAND ($950.01 & OVER)EXCPT,GUNS,FOWL,LIVESTK,PROD"",0344 1402,0,M,H,203,OTHER BUSINESS,,,AA,Adult Arrest,341,998,,,700 W  7TH                          ST,,""(34.048, -118.2577)"""
"100100888,05/06/2010,05/06/2010,1345,01,Central,0129,946,OTHER MISCELLANEOUS CRIME,1402,9,M,O,101,STREET,,,IC,Invest Cont,946,998,,,ALAMEDA,COMMERCIAL,""(34.0537, -118.2379)"""
"100100892,05/07/2010,05/07/2010,0250,01,Central,0195,740,""VANDALISM - FELONY ($400 & OVER, ALL CHURCH VANDALISMS)"",0329,18,M,H,203,OTHER BUSINESS,,,AA,Adult Arrest,740,,,,1700    MAPLE                        AV,,""(34.0308, -118.2602)"""
"0809,01/17/2015,01/16/2015,2130,09,Van Nuys,0938,510,VEHICLE - STOLEN,,0,,,108,PARKING LOT,,,IC,Invest Cont,510,,,,6200    FULTON                       AV,,""(34.1814, -118.4263)"""
"100100898,05/10/2010,05/10/2010,0115,01,Central,0144,740,""VANDALISM - FELONY ($400 & OVER, ALL CHURCH VANDALISMS)"",0329,0,M,H,101,STREET,,,AA,Adult Arrest,740,,,,5TH                          ST,SPRING                       ST,""(34.0474, -118.2496)"""
"100100928,05/13/2010,05/13/2010,1810,01,Central,0122,440,THEFT PLAIN - PETTY ($950 & UNDER),0344 1402,0,M,H,102,SIDEWALK,,,IC,Invest Cont,440,998,,,100 N  HILL                         ST,,""(34.0544, -118.2466)"""
"100100936,05/17/2010,05/17/2010,1730,01,Central,0182,626,INTIMATE PARTNER - SIMPLE ASSAULT,0416 1222 2000,19,F,W,210,RESTAURANT/FAST FOOD,400,""STRONG-ARM (HANDS, FIST, FEET OR BODILY FORCE)"",AA,Adult Arrest,626,,,,11TH                         ST,FIGUEROA                     ST,""(34.0437, -118.2652)"""
"100100949,05/19/2010,05/19/2010,0715,01,Central,0153,740,""VANDALISM - FELONY ($400 & OVER, ALL CHURCH VANDALISMS)"",0329 1300 2004,31,F,B,122,""VEHICLE, PASSENGER/TRUCK"",400,""STRONG-ARM (HANDS, FIST, FEET OR BODILY FORCE)"",IC,Invest Cont,740,,,,5TH,WALL,""(34.0446, -118.245)"""
"100100957,05/20/2010,05/20/2010,1300,01,Central,0195,946,OTHER MISCELLANEOUS CRIME,,0,M,H,102,SIDEWALK,,,IC,Invest Cont,946,998,,,1300 S  LOS ANGELES                  ST,,""(34.0357, -118.2593)"""
"100100963,05/22/2010,05/22/2010,2345,01,Central,0118,626,INTIMATE PARTNER - SIMPLE ASSAULT,0416 2000,34,F,H,502,""MULTI-UNIT DWELLING (APARTMENT, DUPLEX, ETC)"",400,""STRONG-ARM (HANDS, FIST, FEET OR BODILY FORCE)"",IC,Invest Cont,626,,,,200    LEROY                        ST,,""(34.0649, -118.2289)"""
"100100964,05/22/2010,05/22/2010,0220,01,Central,0141,740,""VANDALISM - FELONY ($400 & OVER, ALL CHURCH VANDALISMS)"",0329 1609,41,F,H,210,RESTAURANT/FAST FOOD,,,IC,Invest Cont,740,,,,400 S  FIGUEROA                     ST,,""(34.0535, -118.256)"""
"100100978,05/30/2010,05/30/2010,0215,01,Central,0111,740,""VANDALISM - FELONY ($400 & OVER, ALL CHURCH VANDALISMS)"",0329,45,M,W,122,""VEHICLE, PASSENGER/TRUCK"",,,IC,Invest Cont,740,,,,ARCADIA,BROADWAY,""(34.0571, -118.2422)"""
"100101000,06/05/2010,05/15/2010,1000,01,Central,0182,310,BURGLARY,0344 1606,30,F,O,502,""MULTI-UNIT DWELLING (APARTMENT, DUPLEX, ETC)"",,,IC,Invest Cont,310,,,,700 W  OLYMPIC                      BL,,""(34.0444, -118.2628)"""
"100101011,06/07/2010,06/07/2010,0045,01,Central,0124,624,BATTERY - SIMPLE ASSAULT,0416,9,F,H,207,BAR/COCKTAIL/NIGHTCLUB,400,""STRONG-ARM (HANDS, FIST, FEET OR BODILY FORCE)"",IC,Invest Cont,624,,,,200 N  MAIN                         ST,,""(34.0532, -118.2425)"""
"100101023,06/10/2010,06/10/2010,1935,01,Central,0138,230,""ASSAULT WITH DEADLY WEAPON, AGGRAVATED ASSAULT"",0416 1402,29,F,H,101,STREET,500,UNKNOWN WEAPON/OTHER WEAPON,IC,Invest Cont,230,998,,,300 S  WALL                         ST,,""(34.048, -118.2438)"""
"100101035,06/13/2010,06/12/2010,2058,01,Central,0176,310,BURGLARY,0344 0358 1609,47,M,H,203,OTHER BUSINESS,,,IC,Invest Cont,310,,,,800    SAN JULIAN                   ST,,""(34.0394, -118.2496)"""
"100101039,06/14/2010,06/14/2010,1645,01,Central,0119,235,CHILD ABUSE (PHYSICAL) - AGGRAVATED ASSAULT,0400,0,F,H,122,""VEHICLE, PASSENGER/TRUCK"",400,""STRONG-ARM (HANDS, FIST, FEET OR BODILY FORCE)"",IC,Invest Cont,235,,,,900 N  VIGNES                       ST,,""(34.0566, -118.2319)"""
"100101040,06/14/2010,06/14/2010,1635,01,Central,0119,237,CHILD NEGLECT (SEE 300 W.I.C.),,6,M,H,122,""VEHICLE, PASSENGER/TRUCK"",,,IC,Invest Cont,237,,,,900 N  VIGNES                       ST,,""(34.0566, -118.2319)"""
"100101041,06/14/2010,06/14/2010,0730,01,Central,0152,330,BURGLARY FROM VEHICLE,0344 1251 1307,51,F,O,108,PARKING LOT,,,IC,Invest Cont,330,,,,400 W  7TH                          ST,,""(34.0459, -118.2545)"""
"100101067,06/17/2010,06/17/2010,2310,01,Central,0185,647,THROWING OBJECT AT MOVING VEHICLE,1300,0,M,H,101,STREET,,,IC,Invest Cont,647,,,,VENICE,FLOWER,""(34.037, -118.2688)"""
"100101072,06/17/2010,06/17/2010,2100,01,Central,0192,740,""VANDALISM - FELONY ($400 & OVER, ALL CHURCH VANDALISMS)"",0329,0,M,H,203,OTHER BUSINESS,,,IC,Invest Cont,740,,,,FLOWER,9TH                          ST,""(34.0444, -118.2628)"""
"100101073,06/17/2010,06/17/2010,2100,01,Central,0182,886,DISTURBING THE PEACE,,0,M,H,101,STREET,,,IC,Invest Cont,886,,,,FLOWER                       ST,9TH                          ST,""(34.0444, -118.2628)"""
"100101074,06/17/2010,06/17/2010,2250,01,Central,0182,740,""VANDALISM - FELONY ($400 & OVER, ALL CHURCH VANDALISMS)"",0329,0,M,H,203,OTHER BUSINESS,,,AA,Adult Arrest,740,,,,1100 S  OLIVE                        ST,,""(34.0409, -118.2609)"""
"100101075,06/19/2010,06/17/2010,2100,01,Central,0192,740,""VANDALISM - FELONY ($400 & OVER, ALL CHURCH VANDALISMS)"",0329 1300 1402,25,M,H,122,""VEHICLE, PASSENGER/TRUCK"",,,IC,Invest Cont,740,998,,,15TH,OLIVE,""(34.0359, -118.2648)"""
"100101093,06/22/2010,06/22/2010,0300,01,Central,0152,740,""VANDALISM - FELONY ($400 & OVER, ALL CHURCH VANDALISMS)"",0329,56,M,H,101,STREET,,,IC,Invest Cont,740,,,,HILL                         ST,6TH                          ST,""(34.0474, -118.2531)"""
"100101095,06/23/2010,06/17/2010,2100,01,Central,0162,745,VANDALISM - MISDEAMEANOR ($399 OR UNDER),0329,0,M,H,101,STREET,,,IC,Invest Cont,745,,,,9TH                          ST,FLOWER                       ST,""(34.0458, -118.2614)"""
"100101179,07/06/2010,07/06/2010,1500,01,Central,0111,330,BURGLARY FROM VEHICLE,0344 0358 1251 1307 1402 1609,25,F,O,101,STREET,,,IC,Invest Cont,330,998,,,NEW DEPOT                    ST,ALPINE                       ST,""(34.0639, -118.2446)"""
"100101206,07/12/2010,07/12/2010,1300,01,Central,0132,740,""VANDALISM - FELONY ($400 & OVER, ALL CHURCH VANDALISMS)"",0329 1300,35,F,W,122,""VEHICLE, PASSENGER/TRUCK"",,,IC,Invest Cont,740,,,,800 W  1ST                          ST,,""(34.0571, -118.2509)"""
"100101209,07/13/2010,07/13/2010,1240,01,Central,0111,623,BATTERY POLICE (SIMPLE),0400 0416 1212 1402,0,M,H,102,SIDEWALK,400,""STRONG-ARM (HANDS, FIST, FEET OR BODILY FORCE)"",IC,Invest Cont,623,998,,,HILL                         ST,COLLEGE,""(34.065, -118.2384)"""
"100101225,07/15/2010,07/15/2010,2040,01,Central,0174,946,OTHER MISCELLANEOUS CRIME,0906 1212 1402,9,M,H,101,STREET,,,AA,Adult Arrest,946,998,,,700 S  MAIN                         ST,,""(34.0439, -118.2514)"""
"100101237,07/15/2010,07/15/2010,1930,01,Central,0162,220,ATTEMPTED ROBBERY,0400,0,M,W,102,SIDEWALK,400,""STRONG-ARM (HANDS, FIST, FEET OR BODILY FORCE)"",IC,Invest Cont,220,,,,HILL                         ST,7TH                          ST,""(34.0445, -118.2558)"""
"100101244,07/16/2010,07/16/2010,2200,01,Central,0166,230,""ASSAULT WITH DEADLY WEAPON, AGGRAVATED ASSAULT"",0400 0416 0417 0429 1402,24,F,W,101,STREET,400,""STRONG-ARM (HANDS, FIST, FEET OR BODILY FORCE)"",IC,Invest Cont,230,998,,,SAN JULIAN                   ST,6TH                          ST,""(34.0428, -118.2461)"""
"100101245,07/17/2010,07/17/2010,0440,01,Central,0152,740,""VANDALISM - FELONY ($400 & OVER, ALL CHURCH VANDALISMS)"",0329,24,M,H,203,OTHER BUSINESS,,,AA,Adult Arrest,740,,,,OLIVE                        ST,7TH                          ST,""(34.0467, -118.2556)"""
"100101258,07/21/2010,07/18/2010,2200,01,Central,0171,341,""THEFT-GRAND ($950.01 & OVER)EXCPT,GUNS,FOWL,LIVESTK,PROD"",0344 0416 0417 0429,32,M,H,735,NIGHT CLUB (OPEN EVENINGS ONLY),400,""STRONG-ARM (HANDS, FIST, FEET OR BODILY FORCE)"",IC,Invest Cont,341,624,,,800 W  OLYMPIC                      BL,,""(34.045, -118.264)"""
"100101260,07/19/2010,07/19/2010,2205,01,Central,0171,210,ROBBERY,0334 0337 0344 0416 1402,0,M,H,108,PARKING LOT,301,BELT FLAILING INSTRUMENT/CHAIN,AO,Adult Other,210,998,,,FIGUEROA,11TH                         ST,""(34.0437, -118.2652)"""
"100101262,07/21/2010,07/21/2010,1700,01,Central,0148,740,""VANDALISM - FELONY ($400 & OVER, ALL CHURCH VANDALISMS)"",0329 1300,0,F,W,122,""VEHICLE, PASSENGER/TRUCK"",,,IC,Invest Cont,740,,,,5TH,TOWNE,""(34.0426, -118.2412)"""
"100101283,07/28/2010,07/27/2010,0005,01,Central,0156,812,CRM AGNST CHLD (13 OR UNDER) (14-15 & SUSP 10 YRS OLDER),0552,12,F,B,502,""MULTI-UNIT DWELLING (APARTMENT, DUPLEX, ETC)"",,,IC,Invest Cont,812,998,,,500 S  SAN PEDRO                    ST,,""(34.0442, -118.2439)"""
"100101297,08/01/2010,08/01/2010,0115,01,Central,0101,745,VANDALISM - MISDEAMEANOR ($399 OR UNDER),0329,9,M,O,101,STREET,,,IC,Invest Cont,745,,,,900    EVERETT                      ST,,""(34.0673, -118.2499)"""
"100101298,08/01/2010,08/01/2010,1100,01,Central,0162,624,BATTERY - SIMPLE ASSAULT,0400 0416 0429,60,M,W,101,STREET,400,""STRONG-ARM (HANDS, FIST, FEET OR BODILY FORCE)"",IC,Invest Cont,624,,,,500 W  7TH                          ST,,""(34.0467, -118.2556)"""
"100101307,08/05/2010,08/05/2010,1410,01,Central,0185,623,BATTERY POLICE (SIMPLE),1212,0,M,H,102,SIDEWALK,400,""STRONG-ARM (HANDS, FIST, FEET OR BODILY FORCE)"",IC,Invest Cont,623,,,,300 E  12TH                         ST,,""(34.0363, -118.2573)"""
"100101319,08/07/2010,08/06/2010,1730,01,Central,0176,310,BURGLARY,0344 1307 1609,29,F,O,402,MARKET,,,IC,Invest Cont,310,,,,300 E  8TH                          ST,,""(34.0413, -118.2517)"""
"100101329,08/11/2010,08/11/2010,1630,01,Central,0166,341,""THEFT-GRAND ($950.01 & OVER)EXCPT,GUNS,FOWL,LIVESTK,PROD"",0344 1402,60,M,B,502,""MULTI-UNIT DWELLING (APARTMENT, DUPLEX, ETC)"",,,AA,Adult Arrest,341,998,,,500 E  7TH                          ST,,""(34.0412, -118.2474)"""
"100101330,08/12/2010,08/11/2010,2140,01,Central,0166,231,ASSAULT WITH DEADLY WEAPON ON POLICE OFFICER,0103 0319 0373 0416 0417 1212 1218 1402 2002,0,M,O,102,SIDEWALK,400,""STRONG-ARM (HANDS, FIST, FEET OR BODILY FORCE)"",IC,Invest Cont,231,,,,6TH,SAN PEDRO,""(34.0423, -118.2452)"""
"100101378,08/23/2010,08/23/2010,0020,01,Central,0119,888,TRESPASSING,,40,M,W,215,""TRAIN DEPOT/TERMINAL, OTHER THAN MTA"",,,IC,Invest Cont,888,,,,800 N  ALAMEDA                      ST,,""(34.0563, -118.2374)"""
"100101419,09/04/2010,09/04/2010,1735,01,Central,0159,210,ROBBERY,0344 0400,0,M,H,202,LIQUOR STORE,400,""STRONG-ARM (HANDS, FIST, FEET OR BODILY FORCE)"",AA,Adult Arrest,210,,,,1800    INDUSTRIAL                   ST,,""(34.0359, -118.2344)"""
"100101435,09/09/2010,09/08/2010,1155,01,Central,0138,341,""THEFT-GRAND ($950.01 & OVER)EXCPT,GUNS,FOWL,LIVESTK,PROD"",,40,M,W,102,SIDEWALK,,,AA,Adult Arrest,341,,,,200    BOYD                         ST,,""(34.0478, -118.2454)"""
"100101453,09/19/2010,09/18/2010,1325,01,Central,0143,627,CHILD ABUSE (PHYSICAL) - SIMPLE ASSAULT,0416,7,M,B,109,PARK/PLAYGROUND,400,""STRONG-ARM (HANDS, FIST, FEET OR BODILY FORCE)"",IC,Invest Cont,627,,,,5TH,HILL,""(34.0488, -118.2518)"""
"100101469,09/25/2010,09/24/2010,2045,01,Central,0138,740,""VANDALISM - FELONY ($400 & OVER, ALL CHURCH VANDALISMS)"",1300,0,M,O,101,STREET,500,UNKNOWN WEAPON/OTHER WEAPON,IC,Invest Cont,740,,,,BOYD,SAN PEDRO,""(34.0467, -118.2427)"""
"100101477,09/25/2010,09/25/2010,1430,01,Central,0158,236,INTIMATE PARTNER - AGGRAVATED ASSAULT,0400 1300 1310 2000,32,M,B,122,""VEHICLE, PASSENGER/TRUCK"",400,""STRONG-ARM (HANDS, FIST, FEET OR BODILY FORCE)"",AO,Adult Other,236,624,,,900 E  7TH                          ST,,""(34.039, -118.2444)"""
"100101496,10/10/2010,10/10/2010,1130,01,Central,0111,946,OTHER MISCELLANEOUS CRIME,0400,9,M,O,101,STREET,,,IC,Invest Cont,946,,,,ALPINE,BROADWAY,""(34.0623, -118.2383)"""
"100101498,10/11/2010,10/11/2010,2030,01,Central,0135,740,""VANDALISM - FELONY ($400 & OVER, ALL CHURCH VANDALISMS)"",0311 0329,26,M,H,738,LIBRARY,,,AA,Adult Arrest,740,,,,200 S  LOS ANGELES                  ST,,""(34.0503, -118.2433)"""
"100101521,10/18/2010,10/18/2010,0600,01,Central,0159,235,CHILD ABUSE (PHYSICAL) - AGGRAVATED ASSAULT,0400 0416 0429 0553 1257,0,M,H,102,SIDEWALK,400,""STRONG-ARM (HANDS, FIST, FEET OR BODILY FORCE)"",AO,Adult Other,235,,,,7TH,MILL,""(34.0347, -118.2345)"""
"100101523,10/21/2010,10/19/2010,1000,01,Central,0129,821,SODOMY/SEXUAL CONTACT B/W PENIS OF ONE PERS TO ANUS OTH,0517,22,M,W,108,PARKING LOT,400,""STRONG-ARM (HANDS, FIST, FEET OR BODILY FORCE)"",AO,Adult Other,821,,,,100 N  VIGNES                       ST,,""(34.0484, -118.2339)"""
"100101524,10/20/2010,10/20/2010,0200,01,Central,0142,740,""VANDALISM - FELONY ($400 & OVER, ALL CHURCH VANDALISMS)"",0329,30,M,H,101,STREET,,,AA,Adult Arrest,740,,,,HILL                         ST,5TH                          ST,""(34.0488, -118.2518)"""
"100101528,10/20/2010,10/20/2010,1045,01,Central,0185,946,OTHER MISCELLANEOUS CRIME,1501,9,M,O,710,OTHER PREMISE,,,IC,Invest Cont,946,,,,1000    MAPLE                        AV,,""(34.0383, -118.254)"""
"100101529,10/20/2010,10/20/2010,1045,01,Central,0185,946,OTHER MISCELLANEOUS CRIME,1501,9,M,O,210,RESTAURANT/FAST FOOD,,,IC,Invest Cont,946,,,,300 E  OLYMPIC                      BL,,""(34.0389, -118.255)"""
"100101534,10/21/2010,05/27/2010,0830,01,Central,0155,946,OTHER MISCELLANEOUS CRIME,0914,0,M,X,726,POLICE FACILITY,,,AO,Adult Other,946,,,,200 E  6TH                          ST,,""(34.0446, -118.249)"""
"100101553,10/26/2010,10/26/2010,1630,01,Central,0155,946,OTHER MISCELLANEOUS CRIME,1501,0,M,W,101,STREET,,,IC,Invest Cont,946,,,,200 E  6TH                          ST,,""(34.0446, -118.249)"""
"100101571,11/03/2010,11/02/2010,2045,01,Central,0162,341,""THEFT-GRAND ($950.01 & OVER)EXCPT,GUNS,FOWL,LIVESTK,PROD"",0433 0907 1402,32,M,H,203,OTHER BUSINESS,,,IC,Invest Cont,341,998,,,700 S  HOPE                         ST,,""(34.048, -118.2577)"""
"100101572,11/03/2010,11/02/2010,1200,01,Central,0134,820,ORAL COPULATION,0507,24,F,H,502,""MULTI-UNIT DWELLING (APARTMENT, DUPLEX, ETC)"",400,""STRONG-ARM (HANDS, FIST, FEET OR BODILY FORCE)"",AO,Adult Other,820,,,,300 W  3RD                          ST,,""(34.051, -118.248)"""
"100101593,11/09/2010,11/09/2010,2300,01,Central,0162,745,VANDALISM - MISDEAMEANOR ($399 OR UNDER),0311 0329 1402,9,M,W,201,JEWELRY STORE,,,IC,Invest Cont,745,998,,,7TH,OLIVE                        ST,""(34.0467, -118.2556)"""
"100101600,11/11/2010,11/11/2010,0900,01,Central,0176,442,SHOPLIFTING - PETTY THEFT ($950 & UNDER),0344 0601 2004,0,M,W,203,OTHER BUSINESS,,,AA,Adult Arrest,442,,,,700    WALL                         ST,,""(34.0419, -118.2485)"""
"100101614,11/17/2010,11/17/2010,1450,01,Central,0158,210,ROBBERY,0416 1402,0,M,B,710,OTHER PREMISE,400,""STRONG-ARM (HANDS, FIST, FEET OR BODILY FORCE)"",AA,Adult Arrest,210,998,,,CENTRAL,6TH                          ST,""(34.039, -118.24)"""
"100101630,11/21/2010,11/21/2010,1704,01,Central,0153,210,ROBBERY,0325 0344 0400 0906 1300,0,M,O,201,JEWELRY STORE,400,""STRONG-ARM (HANDS, FIST, FEET OR BODILY FORCE)"",AA,Adult Arrest,210,,,,500 S  BROADWAY,,""(34.0481, -118.2507)"""
"100101646,11/27/2010,11/20/2010,0001,01,Central,0159,341,""THEFT-GRAND ($950.01 & OVER)EXCPT,GUNS,FOWL,LIVESTK,PROD"",0344 1602,33,M,H,203,OTHER BUSINESS,,,IC,Invest Cont,341,,,,1300    WHOLESALE                    ST,,""(34.0365, -118.2364)"""
"100101652,11/27/2010,11/27/2010,0110,01,Central,0154,520,VEHICLE - ATTEMPT STOLEN,2002,0,M,O,101,STREET,,,AA,Adult Arrest,520,,,,6TH                          ST,MAIN                         ST,""(34.0446, -118.249)"""
"100101685,12/11/2010,12/11/2010,1330,01,Central,0111,341,""THEFT-GRAND ($950.01 & OVER)EXCPT,GUNS,FOWL,LIVESTK,PROD"",0344,58,F,W,721,HIGH SCHOOL,,,IC,Invest Cont,341,,,,400 N  GRAND                        AV,,""(34.0594, -118.2452)"""
"100101694,12/12/2010,12/12/2010,0400,01,Central,0159,745,VANDALISM - MISDEAMEANOR ($399 OR UNDER),0311 0329 1402,9,M,O,203,OTHER BUSINESS,,,AA,Adult Arrest,745,998,,,400    MATEO                        ST,,""(34.042, -118.2328)"""
"100101700,12/15/2010,12/15/2010,1820,01,Central,0134,341,""THEFT-GRAND ($950.01 & OVER)EXCPT,GUNS,FOWL,LIVESTK,PROD"",0344,21,F,H,203,OTHER BUSINESS,,,IC,Invest Cont,341,,,,300 S  BROADWAY,,""(34.051, -118.248)"""
"100101703,12/16/2010,12/16/2010,0935,01,Central,0156,647,THROWING OBJECT AT MOVING VEHICLE,0319 0432 1402,9,M,H,102,SIDEWALK,,,IC,Invest Cont,647,998,,,5TH                          ST,WALL                         ST,""(34.0446, -118.245)"""
"100101704,12/17/2010,12/16/2010,2030,01,Central,0156,624,BATTERY - SIMPLE ASSAULT,0416,49,M,B,214,""BUS DEPOT/TERMINAL, OTHER THAN MTA"",400,""STRONG-ARM (HANDS, FIST, FEET OR BODILY FORCE)"",IC,Invest Cont,624,,,,5TH,SAN JULIAN,""(34.0446, -118.245)"""
"100101713,12/23/2010,12/22/2010,0001,01,Central,0162,354,THEFT OF IDENTITY,,0,M,H,602,BANK,,,IC,Invest Cont,354,,,,800 S  HILL                         ST,,""(34.0445, -118.2558)"""
"100101718,12/24/2010,12/24/2010,1320,01,Central,0162,341,""THEFT-GRAND ($950.01 & OVER)EXCPT,GUNS,FOWL,LIVESTK,PROD"",0344 0601,22,M,H,404,DEPARTMENT STORE,,,AA,Adult Arrest,341,,,,700 W  7TH                          ST,,""(34.048, -118.2577)"""
"100101720,12/25/2010,12/25/2010,0001,01,Central,0135,740,""VANDALISM - FELONY ($400 & OVER, ALL CHURCH VANDALISMS)"",0329 1402,37,F,B,725,""GOVERNMENT FACILITY (FEDERAL,STATE, COUNTY & CITY)"",,,AA,Adult Arrest,740,998,,,200 S  MAIN                         ST,,""(34.051, -118.2445)"""
"100101731,11/05/2010,11/05/2010,2215,01,Central,0182,946,OTHER MISCELLANEOUS CRIME,1212,52,M,H,101,STREET,,,IC,Invest Cont,946,,,,900 S  HILL                         ST,,""(34.043, -118.2571)"""
"100104069,01/02/2010,01/01/2010,1930,01,Central,0182,420,THEFT FROM MOTOR VEHICLE - PETTY ($950 & UNDER),,0,,,101,STREET,,,IC,Invest Cont,420,,,,PICO                         BL,HOPE                         ST,""(34.0395, -118.2656)"""
"100104083,01/02/2010,01/01/2010,1600,01,Central,0101,310,BURGLARY,0344 1607,30,M,W,501,SINGLE FAMILY DWELLING,,,IC,Invest Cont,310,,,,900    EVERETT                      ST,,""(34.0673, -118.2499)"""
"100104088,01/02/2010,01/02/2010,1710,01,Central,0147,860,BATTERY WITH SEXUAL CONTACT,0503 0522,47,F,B,101,STREET,400,""STRONG-ARM (HANDS, FIST, FEET OR BODILY FORCE)"",AA,Adult Arrest,860,,,,5TH,SAN PEDRO,""(34.0442, -118.2439)"""
"100104108,01/03/2010,01/01/2010,2000,01,Central,0111,510,VEHICLE - STOLEN,,0,,,101,STREET,,,IC,Invest Cont,510,,,,600 N  GRAND                        AV,,""(34.0606, -118.2439)"""
"100104144,01/03/2010,01/02/2010,1745,01,Central,0153,330,BURGLARY FROM VEHICLE,0344 1601,43,F,H,108,PARKING LOT,,,IC,Invest Cont,330,,,,500 S  SPRING                       ST,,""(34.0474, -118.2496)"""
"100104146,01/03/2010,01/03/2010,0715,01,Central,0153,624,BATTERY - SIMPLE ASSAULT,0416,30,M,H,102,SIDEWALK,400,""STRONG-ARM (HANDS, FIST, FEET OR BODILY FORCE)"",IC,Invest Cont,624,,,,6TH                          ST,BROADWAY,""(34.0467, -118.252)"""
"100104151,01/04/2010,01/02/2010,1100,01,Central,0152,341,""THEFT-GRAND ($950.01 & OVER)EXCPT,GUNS,FOWL,LIVESTK,PROD"",0344,56,F,A,503,HOTEL,,,IC,Invest Cont,341,,,,500 S  GRAND                        AV,,""(34.0502, -118.254)"""
"100104195,01/05/2010,01/04/2010,2000,01,Central,0164,510,VEHICLE - STOLEN,,0,,,123,PARKING UNDERGROUND/BUILDING,,,IC,Invest Cont,510,,,,600 S  SPRING                       ST,,""(34.046, -118.2509)"""
"100104220,01/05/2010,01/05/2010,0930,01,Central,0192,510,VEHICLE - STOLEN,,0,,,101,STREET,,,IC,Invest Cont,510,,,,15TH                         ST,OLIVE                        ST,""(34.0359, -118.2648)"""
"100104253,01/05/2010,01/05/2010,2300,01,Central,0192,341,""THEFT-GRAND ($950.01 & OVER)EXCPT,GUNS,FOWL,LIVESTK,PROD"",0344 0346,28,F,H,102,SIDEWALK,,,IC,Invest Cont,341,,,,HOPE                         ST,VENICE,""(34.0363, -118.2677)"""
"100104279,01/06/2010,01/06/2010,1040,01,Central,0166,341,""THEFT-GRAND ($950.01 & OVER)EXCPT,GUNS,FOWL,LIVESTK,PROD"",0344,61,M,H,102,SIDEWALK,,,IC,Invest Cont,341,,,,600    SAN JULIAN                   ST,,""(34.0428, -118.2461)"""
"100104283,01/06/2010,01/01/2010,1900,01,Central,0164,341,""THEFT-GRAND ($950.01 & OVER)EXCPT,GUNS,FOWL,LIVESTK,PROD"",0344,33,F,W,502,""MULTI-UNIT DWELLING (APARTMENT, DUPLEX, ETC)"",,,IC,Invest Cont,341,,,,600 S  SPRING                       ST,,""(34.046, -118.2509)"""
"100104306,01/07/2010,01/06/2010,1915,01,Central,0182,510,VEHICLE - STOLEN,,0,,,108,PARKING LOT,,,IC,Invest Cont,510,,,,FIGUEROA,9TH,""(34.045, -118.264)"""
"100104314,01/07/2010,01/05/2010,0130,01,Central,0162,354,THEFT OF IDENTITY,0377,38,F,H,203,OTHER BUSINESS,,,IC,Invest Cont,354,,,,800 S  FIGUEROA                     ST,,""(34.0479, -118.2612)"""
"100104325,01/07/2010,01/03/2010,1730,01,Central,0156,341,""THEFT-GRAND ($950.01 & OVER)EXCPT,GUNS,FOWL,LIVESTK,PROD"",0344,63,M,H,102,SIDEWALK,,,IC,Invest Cont,341,,,,6TH,SAN PEDRO,""(34.0423, -118.2452)"""
"100104326,01/07/2010,01/05/2010,1400,01,Central,0156,956,""LETTERS, LEWD  -  TELEPHONE CALLS, LEWD"",,34,F,H,710,OTHER PREMISE,,,AO,Adult Other,956,,,,500 S  SAN PEDRO                    ST,,""(34.0442, -118.2439)"""
"100104364,01/07/2010,01/07/2010,1030,01,Central,0157,624,BATTERY - SIMPLE ASSAULT,0400 0416 0432,48,M,B,101,STREET,400,""STRONG-ARM (HANDS, FIST, FEET OR BODILY FORCE)"",IC,Invest Cont,624,,,,500 S  SAN PEDRO                    ST,,""(34.0442, -118.2439)"""
"100104401,01/07/2010,01/07/2010,0650,01,Central,0121,740,""VANDALISM - FELONY ($400 & OVER, ALL CHURCH VANDALISMS)"",0329 1300,26,M,O,110,FREEWAY,,,AO,Adult Other,740,,,,S  HARBOR                       FY,S  HOLLYWOOD                    FY,""(34.0626, -118.2489)"""
"100104420,01/08/2010,01/08/2010,1600,01,Central,0185,946,OTHER MISCELLANEOUS CRIME,,0,M,W,102,SIDEWALK,,,AA,Adult Arrest,946,,,,1100    MAPLE                        AV,,""(34.0371, -118.2551)"""
"100104453,01/09/2010,01/06/2010,1500,01,Central,0111,740,""VANDALISM - FELONY ($400 & OVER, ALL CHURCH VANDALISMS)"",0329,45,M,W,122,""VEHICLE, PASSENGER/TRUCK"",,,IC,Invest Cont,740,,,,500 N  FIGUEROA                     ST,,""(34.0617, -118.2469)"""
"100104484,01/09/2010,01/08/2010,2045,01,Central,0131,341,""THEFT-GRAND ($950.01 & OVER)EXCPT,GUNS,FOWL,LIVESTK,PROD"",0344,48,M,H,502,""MULTI-UNIT DWELLING (APARTMENT, DUPLEX, ETC)"",,,IC,Invest Cont,341,,,,100 S  FIGUEROA                     ST,,""(34.0578, -118.252)"""
"100104488,01/09/2010,01/09/2010,1945,01,Central,0148,624,BATTERY - SIMPLE ASSAULT,0416,55,F,B,102,SIDEWALK,400,""STRONG-ARM (HANDS, FIST, FEET OR BODILY FORCE)"",IC,Invest Cont,624,,,,400    TOWNE                        AV,,""(34.0444, -118.2407)"""
"100104506,01/10/2010,01/10/2010,0250,01,Central,0138,946,OTHER MISCELLANEOUS CRIME,,0,M,H,102,SIDEWALK,400,""STRONG-ARM (HANDS, FIST, FEET OR BODILY FORCE)"",AA,Adult Arrest,946,,,,BOYD,WALL,""(34.0467, -118.2427)"""
"100104507,01/10/2010,01/10/2010,0250,01,Central,0138,946,OTHER MISCELLANEOUS CRIME,,0,M,W,102,SIDEWALK,400,""STRONG-ARM (HANDS, FIST, FEET OR BODILY FORCE)"",AA,Adult Arrest,946,,,,BOYD,WALL,""(34.0467, -118.2427)"""
"100104515,01/10/2010,01/10/2010,1045,13,Newton,1303,946,OTHER MISCELLANEOUS CRIME,1501,0,M,H,102,SIDEWALK,,,IC,Invest Cont,946,,,,1200 E  OLYMPIC                      BL,,""(34.0336, -118.2459)"""
"100104524,01/10/2010,01/10/2010,1800,01,Central,0182,510,VEHICLE - STOLEN,,0,,,108,PARKING LOT,,,IC,Invest Cont,510,,,,OLIVE,12TH,""(34.0395, -118.2622)"""
"100104536,01/11/2010,01/11/2010,0120,01,Central,0135,624,BATTERY - SIMPLE ASSAULT,,42,M,H,210,RESTAURANT/FAST FOOD,511,VERBAL THREAT,IC,Invest Cont,624,,,,100 W  3RD                          ST,,""(34.0496, -118.2458)"""
"100104540,01/11/2010,01/09/2010,0700,01,Central,0139,330,BURGLARY FROM VEHICLE,0344,27,M,A,108,PARKING LOT,,,IC,Invest Cont,330,,,,600 E  2ND                          ST,,""(34.0472, -118.2371)"""
"100104577,01/11/2010,01/11/2010,1515,01,Central,0152,341,""THEFT-GRAND ($950.01 & OVER)EXCPT,GUNS,FOWL,LIVESTK,PROD"",0344,22,F,O,218,BEAUTY/BARBER SHOP,,,IC,Invest Cont,341,,,,600 S  OLIVE                        ST,,""(34.0481, -118.2542)"""
"100104583,01/11/2010,01/11/2010,0700,01,Central,0182,510,VEHICLE - STOLEN,,0,,,108,PARKING LOT,,,IC,Invest Cont,510,,,,OLYMPIC,OLIVE,""(34.0423, -118.2595)"""
"100104600,01/12/2010,01/11/2010,1200,01,Central,0121,330,BURGLARY FROM VEHICLE,0344,51,F,O,101,STREET,,,IC,Invest Cont,330,,,,200 N  FIGUEROA                     ST,,""(34.0584, -118.2513)"""
"100104601,01/12/2010,01/10/2010,1900,01,Central,0111,330,BURGLARY FROM VEHICLE,0344,26,M,A,710,OTHER PREMISE,,,IC,Invest Cont,330,,,,800    ALPINE                       ST,,""(34.0637, -118.244)"""
"100104621,01/12/2010,01/11/2010,1000,01,Central,0163,440,THEFT PLAIN - PETTY ($950 & UNDER),0344,34,F,H,708,CHURCH/CHAPEL (CHANGED 03-03 FROM CHURCH/TEMPLE),,,IC,Invest Cont,440,,,,7TH                          ST,BROADWAY                     BL,""(34.0452, -118.2534)"""
"100104635,01/12/2010,01/12/2010,1415,01,Central,0147,946,OTHER MISCELLANEOUS CRIME,0400 1402,0,M,H,102,SIDEWALK,400,""STRONG-ARM (HANDS, FIST, FEET OR BODILY FORCE)"",IC,Invest Cont,946,998,,,6TH                          ST,CROCKER,""(34.0412, -118.2436)"""
"100104640,01/12/2010,01/12/2010,1035,01,Central,0157,888,TRESPASSING,,0,M,B,504,OTHER RESIDENCE,,,IC,Invest Cont,888,,,,500    CROCKER                      ST,,""(34.0435, -118.2427)"""
"100104641,01/08/2010,01/08/2010,1618,01,Central,0192,440,THEFT PLAIN - PETTY ($950 & UNDER),0344,0,M,H,203,OTHER BUSINESS,,,IC,Invest Cont,440,,,,1300 S  FLOWER                       ST,,""(34.0401, -118.2668)"""
"100104655,01/12/2010,01/12/2010,1405,01,Central,0152,341,""THEFT-GRAND ($950.01 & OVER)EXCPT,GUNS,FOWL,LIVESTK,PROD"",0344,0,F,H,203,OTHER BUSINESS,,,IC,Invest Cont,341,,,,HOPE,7TH                          ST,""(34.048, -118.2577)"""
"100104666,01/13/2010,01/13/2010,0700,01,Central,0176,210,ROBBERY,0334 0344,0,F,H,203,OTHER BUSINESS,201,KNIFE WITH BLADE OVER 6 INCHES IN LENGTH,IC,Invest Cont,210,,,,300 E  8TH                          ST,,""(34.0413, -118.2517)"""
"100104669,01/07/2010,01/02/2010,0800,01,Central,0111,341,""THEFT-GRAND ($950.01 & OVER)EXCPT,GUNS,FOWL,LIVESTK,PROD"",0344 0360 1202,82,M,A,502,""MULTI-UNIT DWELLING (APARTMENT, DUPLEX, ETC)"",,,IC,Invest Cont,341,,,,600 N  BROADWAY,,""(34.0586, -118.2402)"""
"100104673,01/13/2010,01/13/2010,1230,01,Central,0153,946,OTHER MISCELLANEOUS CRIME,1402 1501,0,F,X,203,OTHER BUSINESS,,,IC,Invest Cont,946,998,,,200 W  6TH                          ST,,""(34.046, -118.2509)"""
"100104731,01/13/2010,01/13/2010,1700,01,Central,0105,510,VEHICLE - STOLEN,,0,,,101,STREET,,,IC,Invest Cont,510,,,,400    COTTAGE HOME                 ST,,""(34.0673, -118.2354)"""
"100104749,01/13/2010,01/13/2010,1850,01,Central,0138,310,BURGLARY,0344,0,M,H,203,OTHER BUSINESS,,,AA,Adult Arrest,310,,,,300 S  ALAMEDA                      ST,,""(34.0455, -118.2381)"""
"100104776,01/14/2010,01/12/2010,0100,01,Central,0156,341,""THEFT-GRAND ($950.01 & OVER)EXCPT,GUNS,FOWL,LIVESTK,PROD"",0344,37,F,O,102,SIDEWALK,,,IC,Invest Cont,341,,,,SAN JULIAN                   ST,5TH                          ST,""(34.0446, -118.245)"""
"100104788,01/14/2010,01/10/2010,1800,01,Central,0111,740,""VANDALISM - FELONY ($400 & OVER, ALL CHURCH VANDALISMS)"",0329,40,M,O,102,SIDEWALK,,,IC,Invest Cont,740,,,,700 N  BROADWAY,,""(34.0604, -118.2393)"""
"100104808,01/14/2010,01/14/2010,2250,01,Central,0153,440,THEFT PLAIN - PETTY ($950 & UNDER),0325,0,M,H,203,OTHER BUSINESS,,,IC,Invest Cont,440,,,,500 S  BROADWAY,,""(34.0481, -118.2507)"""
"100104811,01/15/2010,01/15/2010,0800,01,Central,0121,510,VEHICLE - STOLEN,,0,,,108,PARKING LOT,,,IC,Invest Cont,510,,,,TEMPLE                       ST,FIGUEROA                     AV,""(34.06, -118.2486)"""
"100104813,01/15/2010,01/14/2010,2035,01,Central,0166,623,BATTERY POLICE (SIMPLE),1212,0,M,H,102,SIDEWALK,400,""STRONG-ARM (HANDS, FIST, FEET OR BODILY FORCE)"",AA,Adult Arrest,623,,,,SAN PEDRO                    ST,6TH                          ST,""(34.0423, -118.2452)"""
"100104814,01/15/2010,01/14/2010,2035,01,Central,0166,623,BATTERY POLICE (SIMPLE),1212,0,M,H,102,SIDEWALK,400,""STRONG-ARM (HANDS, FIST, FEET OR BODILY FORCE)"",AA,Adult Arrest,623,,,,SAN PEDRO                    ST,6TH                          ST,""(34.0423, -118.2452)"""
"100104830,01/15/2010,01/14/2010,2205,01,Central,0154,341,""THEFT-GRAND ($950.01 & OVER)EXCPT,GUNS,FOWL,LIVESTK,PROD"",0344,22,F,A,203,OTHER BUSINESS,,,IC,Invest Cont,341,,,,100 W  5TH                          ST,,""(34.0467, -118.2485)"""
"100104832,01/15/2010,01/09/2010,1200,01,Central,0156,341,""THEFT-GRAND ($950.01 & OVER)EXCPT,GUNS,FOWL,LIVESTK,PROD"",0344,41,F,H,101,STREET,,,IC,Invest Cont,341,,,,6TH                          ST,SAN PEDRO                    ST,""(34.0423, -118.2452)"""
"100104836,01/15/2010,01/15/2010,1100,01,Central,0185,354,THEFT OF IDENTITY,0100,53,M,O,502,""MULTI-UNIT DWELLING (APARTMENT, DUPLEX, ETC)"",,,IC,Invest Cont,354,,,,1100    SANTEE                       ST,,""(34.0378, -118.2561)"""
"100104851,01/16/2010,01/08/2010,1200,01,Central,0162,341,""THEFT-GRAND ($950.01 & OVER)EXCPT,GUNS,FOWL,LIVESTK,PROD"",0344,26,M,W,203,OTHER BUSINESS,,,IC,Invest Cont,341,,,,700 S  FLOWER                       ST,,""(34.0487, -118.2588)"""
"100104854,01/16/2010,01/14/2010,1800,01,Central,0192,740,""VANDALISM - FELONY ($400 & OVER, ALL CHURCH VANDALISMS)"",,28,F,H,122,""VEHICLE, PASSENGER/TRUCK"",,,IC,Invest Cont,740,,,,1400 S  GRAND                        AV,,""(34.0372, -118.2654)"""
"100104879,01/16/2010,01/16/2010,0945,01,Central,0185,510,VEHICLE - STOLEN,,0,,,101,STREET,,,IC,Invest Cont,510,,,,12TH,MAPLE,""(34.0357, -118.2563)"""
"100104909,01/16/2010,01/13/2010,1000,01,Central,0111,354,THEFT OF IDENTITY,0377,32,F,H,501,SINGLE FAMILY DWELLING,,,IC,Invest Cont,354,,,,600 N  GRAND                        AV,,""(34.0606, -118.2439)"""
"100104935,01/17/2010,01/15/2010,2300,01,Central,0101,310,BURGLARY,0325,0,M,H,203,OTHER BUSINESS,,,IC,Invest Cont,310,,,,1000 W  SUNSET                       BL,,""(34.0641, -118.248)"""
"100104954,01/18/2010,01/16/2010,1800,01,Central,0159,510,VEHICLE - STOLEN,,0,,,101,STREET,,,IC,Invest Cont,510,,,,400    COLYTON                      ST,,""(34.0435, -118.2365)"""
"100104961,01/18/2010,01/18/2010,0745,01,Central,0182,341,""THEFT-GRAND ($950.01 & OVER)EXCPT,GUNS,FOWL,LIVESTK,PROD"",0344 2000,40,F,H,101,STREET,,,IC,Invest Cont,341,,,,12TH,HOPE,""(34.0408, -118.2644)"""
"100104975,01/18/2010,01/18/2010,1755,01,Central,0176,440,THEFT PLAIN - PETTY ($950 & UNDER),0344 1402,0,M,W,101,STREET,,,IC,Invest Cont,440,,,,700    WALL                         ST,,""(34.0419, -118.2485)"""
"100104984,01/18/2010,01/15/2010,0900,01,Central,0139,341,""THEFT-GRAND ($950.01 & OVER)EXCPT,GUNS,FOWL,LIVESTK,PROD"",,26,F,W,108,PARKING LOT,,,IC,Invest Cont,341,,,,2ND                          ST,GAREY,""(34.0472, -118.2351)"""
"100104985,01/18/2010,01/18/2010,2100,01,Central,0119,230,""ASSAULT WITH DEADLY WEAPON, AGGRAVATED ASSAULT"",0416,21,F,B,126,""TRAIN, OTHER THAN MTA (ALSO QUERY 809/810/811)"",500,UNKNOWN WEAPON/OTHER WEAPON,IC,Invest Cont,230,,,,700 N  ALAMEDA                      ST,,""(34.0544, -118.2378)"""
"100105000,01/19/2010,01/14/2010,1200,01,Central,0155,946,OTHER MISCELLANEOUS CRIME,,0,M,O,726,POLICE FACILITY,,,IC,Invest Cont,946,,,,200 E  6TH                          ST,,""(34.0446, -118.249)"""
"100105001,01/19/2010,01/14/2010,1200,01,Central,0155,946,OTHER MISCELLANEOUS CRIME,,0,M,O,726,POLICE FACILITY,,,IC,Invest Cont,946,,,,200 E  6TH                          ST,,""(34.0446, -118.249)"""
"100105007,01/19/2010,01/18/2010,1700,01,Central,0111,341,""THEFT-GRAND ($950.01 & OVER)EXCPT,GUNS,FOWL,LIVESTK,PROD"",0344,55,M,W,710,OTHER PREMISE,,,IC,Invest Cont,341,,,,600 N  FIGUEROA                     ST,,""(34.0627, -118.2463)"""
"100105044,01/20/2010,01/19/2010,2225,01,Central,0155,888,TRESPASSING,,0,M,H,726,POLICE FACILITY,,,IC,Invest Cont,888,,,,5TH,LOS ANGELES,""(34.0454, -118.2466)"""
"100105053,01/20/2010,01/19/2010,2100,01,Central,0145,740,""VANDALISM - FELONY ($400 & OVER, ALL CHURCH VANDALISMS)"",0329,22,F,W,101,STREET,,,IC,Invest Cont,740,,,,MAIN                         ST,5TH                          ST,""(34.0467, -118.2485)"""
"100105055,01/20/2010,01/16/2010,2200,01,Central,0182,626,INTIMATE PARTNER - SIMPLE ASSAULT,0319 0416 1814 2000,20,F,H,502,""MULTI-UNIT DWELLING (APARTMENT, DUPLEX, ETC)"",400,""STRONG-ARM (HANDS, FIST, FEET OR BODILY FORCE)"",IC,Invest Cont,626,,,,1200 S  OLIVE                        ST,,""(34.0395, -118.2622)"""
"100105104,01/20/2010,01/20/2010,1120,01,Central,0154,624,BATTERY - SIMPLE ASSAULT,0416,57,M,B,502,""MULTI-UNIT DWELLING (APARTMENT, DUPLEX, ETC)"",500,UNKNOWN WEAPON/OTHER WEAPON,AO,Adult Other,624,,,,100 W  5TH                          ST,,""(34.0467, -118.2485)"""
"100105105,01/20/2010,01/15/2010,1630,01,Central,0159,740,""VANDALISM - FELONY ($400 & OVER, ALL CHURCH VANDALISMS)"",0329 1300,50,F,H,122,""VEHICLE, PASSENGER/TRUCK"",,,IC,Invest Cont,740,,,,1200    PALMETTO                     ST,,""(34.0401, -118.2359)"""
"100105111,01/21/2010,01/20/2010,1535,01,Central,0185,901,VIOLATION OF RESTRAINING ORDER,,31,F,H,102,SIDEWALK,,,IC,Invest Cont,901,,,,BROADWAY,OLYMPIC,""(34.0409, -118.2574)"""
"100105112,01/21/2010,01/14/2010,1800,01,Central,0195,341,""THEFT-GRAND ($950.01 & OVER)EXCPT,GUNS,FOWL,LIVESTK,PROD"",0344,22,M,W,203,OTHER BUSINESS,,,IC,Invest Cont,341,,,,100 W  WASHINGTON                   BL,,""(34.0311, -118.2646)"""
"100105122,01/21/2010,01/19/2010,1500,01,Central,0156,341,""THEFT-GRAND ($950.01 & OVER)EXCPT,GUNS,FOWL,LIVESTK,PROD"",0344,63,M,H,102,SIDEWALK,,,IC,Invest Cont,341,,,,5TH                          ST,SAN JULIAN                   ST,""(34.0446, -118.245)"""
"100105123,01/21/2010,01/19/2010,1700,01,Central,0157,354,THEFT OF IDENTITY,0377,64,M,O,502,""MULTI-UNIT DWELLING (APARTMENT, DUPLEX, ETC)"",,,IC,Invest Cont,354,,,,600    CROCKER                      ST,,""(34.0417, -118.2443)"""
"100105134,01/21/2010,01/20/2010,1522,01,Central,0152,341,""THEFT-GRAND ($950.01 & OVER)EXCPT,GUNS,FOWL,LIVESTK,PROD"",0344,58,F,H,605,AUTOMATED TELLER MACHINE (ATM),,,IC,Invest Cont,341,,,,600    WILSHIRE                     BL,,""(34.048, -118.256)"""
"100105171,01/21/2010,01/21/2010,1000,01,Central,0131,341,""THEFT-GRAND ($950.01 & OVER)EXCPT,GUNS,FOWL,LIVESTK,PROD"",0344 1237,41,M,A,108,PARKING LOT,,,IC,Invest Cont,341,,,,100 S  FIGUEROA                     ST,,""(34.0578, -118.252)"""
"100105179,01/22/2010,01/18/2010,2200,01,Central,0182,341,""THEFT-GRAND ($950.01 & OVER)EXCPT,GUNS,FOWL,LIVESTK,PROD"",0344,29,F,O,108,PARKING LOT,,,IC,Invest Cont,341,,,,500 W  OLYMPIC                      BL,,""(34.043, -118.2606)"""
"100105223,01/23/2010,01/23/2010,1330,01,Central,0191,341,""THEFT-GRAND ($950.01 & OVER)EXCPT,GUNS,FOWL,LIVESTK,PROD"",0344,30,M,H,102,SIDEWALK,,,IC,Invest Cont,341,,,,FIGUEROA                     ST,PICO                         BL,""(34.0402, -118.2684)"""
"100105224,01/23/2010,01/22/2010,1335,01,Central,0185,341,""THEFT-GRAND ($950.01 & OVER)EXCPT,GUNS,FOWL,LIVESTK,PROD"",0344,54,M,H,405,CLOTHING STORE,,,IC,Invest Cont,341,,,,900 S  LOS ANGELES                  ST,,""(34.0407, -118.2541)"""
"100105239,01/24/2010,01/23/2010,2250,01,Central,0118,946,OTHER MISCELLANEOUS CRIME,0906,0,F,W,102,SIDEWALK,,,AA,Adult Arrest,946,,,,100    BLOOM                        ST,,""(34.0652, -118.2306)"""
"100105241,01/24/2010,01/23/2010,1845,01,Central,0162,341,""THEFT-GRAND ($950.01 & OVER)EXCPT,GUNS,FOWL,LIVESTK,PROD"",0344,20,M,H,404,DEPARTMENT STORE,,,IC,Invest Cont,341,,,,700 W  7TH                          ST,,""(34.048, -118.2577)"""
"100105254,01/23/2010,01/23/2010,2340,01,Central,0155,888,TRESPASSING,1501,0,M,O,503,HOTEL,,,IC,Invest Cont,888,,,,200 E  6TH                          ST,,""(34.0446, -118.249)"""
"100105255,01/24/2010,01/23/2010,2245,01,Central,0139,648,ARSON,1501,0,M,O,203,OTHER BUSINESS,,,IC,Invest Cont,648,,,,600 E  1ST                          ST,,""(34.0489, -118.2371)"""
"100105257,01/24/2010,01/23/2010,2200,01,Central,0121,510,VEHICLE - STOLEN,,0,,,101,STREET,,,IC,Invest Cont,510,,,,TEMPLE                       ST,FREMONT                      AV,""(34.0607, -118.2494)"""
"100105259,01/24/2010,01/23/2010,2000,01,Central,0182,510,VEHICLE - STOLEN,,0,,,108,PARKING LOT,,,IC,Invest Cont,510,,,,PICO,FLOWER,""(34.0401, -118.2668)"""
"100105260,01/24/2010,01/24/2010,0930,01,Central,0143,510,VEHICLE - STOLEN,,0,,,101,STREET,,,IC,Invest Cont,510,,,,5TH                          ST,SPRING                       ST,""(34.0478, -118.2502)"""
"100105274,01/24/2010,01/23/2010,0810,01,Central,0146,624,BATTERY - SIMPLE ASSAULT,0400 0416 1813,35,F,H,203,OTHER BUSINESS,400,""STRONG-ARM (HANDS, FIST, FEET OR BODILY FORCE)"",IC,Invest Cont,624,,,,200 E  5TH                          ST,,""(34.0461, -118.2476)"""
"100105290,01/25/2010,01/24/2010,1000,01,Central,0192,420,THEFT FROM MOTOR VEHICLE - PETTY ($950 & UNDER),,0,,,101,STREET,,,IC,Invest Cont,420,,,,VENICE,GRAND,""(34.0363, -118.2677)"""
"100105294,01/25/2010,01/17/2010,2300,01,Central,0101,420,THEFT FROM MOTOR VEHICLE - PETTY ($950 & UNDER),,0,,,101,STREET,,,IC,Invest Cont,420,,,,900    CENTENNIAL                   ST,,""(34.0669, -118.2458)"""
"100105307,01/25/2010,01/25/2010,1000,01,Central,0185,740,""VANDALISM - FELONY ($400 & OVER, ALL CHURCH VANDALISMS)"",0329 1300 1402,26,M,O,122,""VEHICLE, PASSENGER/TRUCK"",,,AO,Adult Other,740,998,,,1100 S  LOS ANGELES                  ST,,""(34.0384, -118.2571)"""
"100105314,01/25/2010,01/11/2010,1200,01,Central,0152,341,""THEFT-GRAND ($950.01 & OVER)EXCPT,GUNS,FOWL,LIVESTK,PROD"",0344,21,F,A,738,LIBRARY,,,IC,Invest Cont,341,,,,600 W  5TH                          ST,,""(34.0502, -118.254)"""
"150222554,12/15/2015,12/15/2015,1400,02,Rampart,0269,755,BOMB SCARE,0311 0404,60,F,A,502,""MULTI-UNIT DWELLING (APARTMENT, DUPLEX, ETC)"",400,""STRONG-ARM (HANDS, FIST, FEET OR BODILY FORCE)"",IC,Invest Cont,755,,,,1200 W  8TH                          ST,,""(34.0496, -118.2677)"""
"100105316,01/25/2010,01/22/2010,0900,01,Central,0185,649,DOCUMENT FORGERY / STOLEN FELONY,0344 0601,54,M,W,203,OTHER BUSINESS,,,IC,Invest Cont,649,,,,100 W  9TH                          ST,,""(34.0416, -118.255)"""
"100105318,01/25/2010,01/24/2010,1500,01,Central,0119,740,""VANDALISM - FELONY ($400 & OVER, ALL CHURCH VANDALISMS)"",0329 1300,29,F,H,122,""VEHICLE, PASSENGER/TRUCK"",,,IC,Invest Cont,740,,,,1400 N  MAGDALANA                    ST,,""(34.0577, -118.2318)"""
"100105326,01/25/2010,01/25/2010,1245,01,Central,0118,740,""VANDALISM - FELONY ($400 & OVER, ALL CHURCH VANDALISMS)"",0329 0906 1100 1300 1402,45,F,A,108,PARKING LOT,,,IC,Invest Cont,740,,,,1000 N  MAIN                         ST,,""(34.0627, -118.2341)"""
"100105383,01/26/2010,01/26/2010,2230,01,Central,0138,626,INTIMATE PARTNER - SIMPLE ASSAULT,0400 0408 2000,0,F,A,502,""MULTI-UNIT DWELLING (APARTMENT, DUPLEX, ETC)"",400,""STRONG-ARM (HANDS, FIST, FEET OR BODILY FORCE)"",AA,Adult Arrest,626,,,,200 S  SAN PEDRO                    ST,,""(34.0493, -118.2418)"""
"100105389,01/27/2010,01/25/2010,1800,01,Central,0105,420,THEFT FROM MOTOR VEHICLE - PETTY ($950 & UNDER),,0,,,101,STREET,,,IC,Invest Cont,420,,,,400    CASANOVA                     ST,,""(34.0713, -118.2291)"""
"100105393,01/26/2010,01/21/2010,1000,01,Central,0153,341,""THEFT-GRAND ($950.01 & OVER)EXCPT,GUNS,FOWL,LIVESTK,PROD"",0344,60,M,O,203,OTHER BUSINESS,,,IC,Invest Cont,341,,,,6TH                          ST,HILL                         ST,""(34.0474, -118.2531)"""
"100105399,01/27/2010,01/27/2010,0830,01,Central,0118,510,VEHICLE - STOLEN,,0,,,101,STREET,,,IC,Invest Cont,510,,,,300    BLOOM                        ST,,""(34.0633, -118.229)"""
"100105404,01/27/2010,01/26/2010,1200,01,Central,0123,946,OTHER MISCELLANEOUS CRIME,0906,0,M,H,725,""GOVERNMENT FACILITY (FEDERAL,STATE, COUNTY & CITY)"",,,IC,Invest Cont,946,,,,200 W  TEMPLE                       ST,,""(34.0549, -118.2426)"""
"100105422,01/27/2010,01/11/2010,0800,01,Central,0153,649,DOCUMENT FORGERY / STOLEN FELONY,,55,F,O,203,OTHER BUSINESS,,,IC,Invest Cont,649,,,,600 S  BROADWAY,,""(34.0467, -118.252)"""
"100105424,01/27/2010,01/26/2010,1500,01,Central,0162,440,THEFT PLAIN - PETTY ($950 & UNDER),0344,40,M,H,203,OTHER BUSINESS,,,IC,Invest Cont,440,,,,800 S  GRAND                        AV,,""(34.0459, -118.2579)"""
"100105425,01/27/2010,01/21/2010,1500,01,Central,0195,354,THEFT OF IDENTITY,,31,M,B,203,OTHER BUSINESS,,,IC,Invest Cont,354,,,,1600 S  BROADWAY,,""(34.0342, -118.2636)"""
"100105449,01/26/2010,01/26/2010,1400,01,Central,0101,956,""LETTERS, LEWD  -  TELEPHONE CALLS, LEWD"",,22,F,H,505,MOTEL,,,IC,Invest Cont,956,,,,1300 W  SUNSET                       BL,,""(34.072, -118.2508)"""
"100105475,01/21/2010,01/21/2010,2130,01,Central,0129,946,OTHER MISCELLANEOUS CRIME,0908,0,M,O,203,OTHER BUSINESS,,,IC,Invest Cont,946,,,,700 E  COMMERCIAL                   ST,,""(34.0529, -118.2329)"""
"100105519,01/29/2010,01/27/2010,2300,01,Central,0162,341,""THEFT-GRAND ($950.01 & OVER)EXCPT,GUNS,FOWL,LIVESTK,PROD"",0344,50,M,W,102,SIDEWALK,,,IC,Invest Cont,341,,,,7TH                          ST,GRAND,""(34.0473, -118.2566)"""
"100105529,01/29/2010,01/28/2010,2300,01,Central,0182,341,""THEFT-GRAND ($950.01 & OVER)EXCPT,GUNS,FOWL,LIVESTK,PROD"",0344,35,F,B,502,""MULTI-UNIT DWELLING (APARTMENT, DUPLEX, ETC)"",,,IC,Invest Cont,341,,,,1000 S  FLOWER                       ST,,""(34.0444, -118.2628)"""
"100105562,01/30/2010,01/29/2010,1500,01,Central,0152,901,VIOLATION OF RESTRAINING ORDER,,0,F,H,738,LIBRARY,,,IC,Invest Cont,901,,,,600 W  5TH                          ST,,""(34.0502, -118.254)"""
"100105567,01/30/2010,01/29/2010,1835,01,Central,0192,740,""VANDALISM - FELONY ($400 & OVER, ALL CHURCH VANDALISMS)"",0329,34,M,A,122,""VEHICLE, PASSENGER/TRUCK"",400,""STRONG-ARM (HANDS, FIST, FEET OR BODILY FORCE)"",IC,Invest Cont,740,,,,HOPE,VENICE,""(34.0363, -118.2677)"""
"100105568,01/30/2010,01/30/2010,0100,01,Central,0195,740,""VANDALISM - FELONY ($400 & OVER, ALL CHURCH VANDALISMS)"",0329,56,M,W,203,OTHER BUSINESS,,,AA,Adult Arrest,740,,,,1700    MAPLE                        AV,,""(34.0308, -118.2602)"""
"100105586,01/30/2010,01/22/2010,1900,01,Central,0195,341,""THEFT-GRAND ($950.01 & OVER)EXCPT,GUNS,FOWL,LIVESTK,PROD"",0344,24,M,B,504,OTHER RESIDENCE,,,IC,Invest Cont,341,,,,1800 S  MAIN                         ST,,""(34.0317, -118.2641)"""
"100105594,01/30/2010,01/30/2010,0945,01,Central,0148,220,ATTEMPTED ROBBERY,0302 0432 0906 0907 1100 1402,30,M,B,102,SIDEWALK,102,HAND GUN,AO,Adult Other,220,998,,,6TH,STANFORD,""(34.0403, -118.2421)"""
"100105595,01/30/2010,01/30/2010,0945,01,Central,0158,230,""ASSAULT WITH DEADLY WEAPON, AGGRAVATED ASSAULT"",0416 0411 0417 0429,33,M,B,102,SIDEWALK,207,OTHER KNIFE,AO,Adult Other,230,,,,6TH,STANFORD,""(34.0403, -118.2421)"""
"100105607,01/30/2010,01/30/2010,1745,01,Central,0127,440,THEFT PLAIN - PETTY ($950 & UNDER),0344,0,M,O,725,""GOVERNMENT FACILITY (FEDERAL,STATE, COUNTY & CITY)"",,,IC,Invest Cont,440,,,,600 N  ALAMEDA                      ST,,""(34.0533, -118.2379)"""
"100105622,01/31/2010,01/31/2010,1400,01,Central,0181,341,""THEFT-GRAND ($950.01 & OVER)EXCPT,GUNS,FOWL,LIVESTK,PROD"",0344,36,F,B,710,OTHER PREMISE,,,IC,Invest Cont,341,,,,1100    CHERRY                       ST,,""(34.0451, -118.27)"""
"100105623,01/31/2010,01/31/2010,1600,01,Central,0182,341,""THEFT-GRAND ($950.01 & OVER)EXCPT,GUNS,FOWL,LIVESTK,PROD"",0701,40,F,O,108,PARKING LOT,,,IC,Invest Cont,341,,,,12TH                         ST,FIGUEROA                     ST,""(34.0423, -118.2666)"""
"100105633,01/31/2010,01/31/2010,1800,01,Central,0152,210,ROBBERY,0344 0416,33,M,H,102,SIDEWALK,400,""STRONG-ARM (HANDS, FIST, FEET OR BODILY FORCE)"",IC,Invest Cont,210,,,,7TH                          ST,HOPE                         ST,""(34.048, -118.2577)"""
"100105641,01/31/2010,01/04/2010,2100,01,Central,0152,341,""THEFT-GRAND ($950.01 & OVER)EXCPT,GUNS,FOWL,LIVESTK,PROD"",0344 0400,19,F,B,502,""MULTI-UNIT DWELLING (APARTMENT, DUPLEX, ETC)"",,,IC,Invest Cont,341,,,,600 S  FLOWER                       ST,,""(34.0502, -118.2574)"""
"100105644,02/01/2010,01/29/2010,1200,01,Central,0152,956,""LETTERS, LEWD  -  TELEPHONE CALLS, LEWD"",,49,F,A,203,OTHER BUSINESS,,,AO,Adult Other,956,,,,500 S  FLOWER                       ST,,""(34.0516, -118.2561)"""
"100105649,02/01/2010,01/30/2010,1800,01,Central,0111,510,VEHICLE - STOLEN,,0,,,101,STREET,,,IC,Invest Cont,510,,,,800    ALPINE                       ST,,""(34.0637, -118.244)"""
"100105672,02/02/2010,02/01/2010,1840,01,Central,0185,900,VIOLATION OF COURT ORDER,1501,34,M,W,702,OFFICE BUILDING/OFFICE,,,AO,Adult Other,900,,,,100 E  9TH                          ST,,""(34.0416, -118.255)"""
"100105674,02/02/2010,02/01/2010,2100,01,Central,0111,510,VEHICLE - STOLEN,,0,,,101,STREET,,,IC,Invest Cont,510,,,,CESAR E CHAVEZ,HILL                         PL,""(34.0599, -118.2426)"""
"100105697,02/02/2010,02/02/2010,0515,01,Central,0119,510,VEHICLE - STOLEN,,0,,,101,STREET,,,IC,Invest Cont,510,,,,900    AVILA                        ST,,""(34.057, -118.2327)"""
"100105709,02/02/2010,02/02/2010,1600,01,Central,0157,900,VIOLATION OF COURT ORDER,0601,0,M,B,504,OTHER RESIDENCE,,,IC,Invest Cont,900,,,,500 S  SAN PEDRO                    ST,,""(34.0442, -118.2439)"""
"100105732,02/03/2010,01/10/2010,1200,01,Central,0159,740,""VANDALISM - FELONY ($400 & OVER, ALL CHURCH VANDALISMS)"",0329,0,M,O,203,OTHER BUSINESS,,,IC,Invest Cont,740,,,,800 E  4TH                          ST,,""(34.0433, -118.2377)"""
"100105771,02/03/2010,02/03/2010,1630,01,Central,0185,946,OTHER MISCELLANEOUS CRIME,1402,0,M,O,203,OTHER BUSINESS,,,AA,Adult Arrest,946,998,,,300 E  12TH                         ST,,""(34.0363, -118.2573)"""
"100105789,02/03/2010,02/03/2010,1720,01,Central,0157,740,""VANDALISM - FELONY ($400 & OVER, ALL CHURCH VANDALISMS)"",0329 1402,60,M,O,122,""VEHICLE, PASSENGER/TRUCK"",,,AA,Adult Arrest,740,998,,,STANFORD,7TH,""(34.039, -118.2444)"""
"100105791,02/03/2010,02/02/2010,1300,01,Central,0182,341,""THEFT-GRAND ($950.01 & OVER)EXCPT,GUNS,FOWL,LIVESTK,PROD"",0344,30,M,O,203,OTHER BUSINESS,,,IC,Invest Cont,341,,,,11TH                         ST,GRAND                        AV,""(34.0416, -118.262)"""
"100105794,02/03/2010,02/03/2010,2030,01,Central,0182,626,INTIMATE PARTNER - SIMPLE ASSAULT,0416 0429 2000,0,F,O,502,""MULTI-UNIT DWELLING (APARTMENT, DUPLEX, ETC)"",400,""STRONG-ARM (HANDS, FIST, FEET OR BODILY FORCE)"",AA,Adult Arrest,626,,,,1100 S  GRAND                        AV,,""(34.0416, -118.262)"""
"100105810,02/04/2010,02/04/2010,0100,01,Central,0158,821,SODOMY/SEXUAL CONTACT B/W PENIS OF ONE PERS TO ANUS OTH,1415,22,M,H,103,ALLEY,400,""STRONG-ARM (HANDS, FIST, FEET OR BODILY FORCE)"",IC,Invest Cont,821,,,,6TH                          ST,KOHLER                       ST,""(34.0394, -118.2405)"""
"100105825,02/04/2010,02/04/2010,0900,01,Central,0174,350,""THEFT, PERSON"",0344 1008,63,M,W,101,STREET,,,IC,Invest Cont,350,,,,100 W  7TH                          ST,,""(34.0439, -118.2514)"""
"100105845,02/04/2010,02/04/2010,1000,01,Central,0176,740,""VANDALISM - FELONY ($400 & OVER, ALL CHURCH VANDALISMS)"",0329 1300,26,M,O,122,""VEHICLE, PASSENGER/TRUCK"",,,IC,Invest Cont,740,,,,700    MAPLE                        AV,,""(34.0424, -118.2493)"""
"141801696,01/01/2015,01/01/2015,0230,18,Southeast,1823,626,INTIMATE PARTNER - SIMPLE ASSAULT,2000 0444 0429 0416 1276,40,F,B,501,SINGLE FAMILY DWELLING,400,""STRONG-ARM (HANDS, FIST, FEET OR BODILY FORCE)"",IC,Invest Cont,626,,,,200 E  97TH                         ST,,""(33.9483, -118.2717)"""
"100105853,02/04/2010,01/24/2010,2146,01,Central,0162,440,THEFT PLAIN - PETTY ($950 & UNDER),1501,99,M,W,404,DEPARTMENT STORE,,,IC,Invest Cont,440,,,,700 W  7TH                          ST,,""(34.048, -118.2577)"""
"100105858,02/05/2010,02/04/2010,1925,01,Central,0153,440,THEFT PLAIN - PETTY ($950 & UNDER),0325,0,M,H,203,OTHER BUSINESS,,,AA,Adult Arrest,440,,,,500 S  BROADWAY,,""(34.0481, -118.2507)"""
"100105865,02/05/2010,02/04/2010,0100,01,Central,0119,230,""ASSAULT WITH DEADLY WEAPON, AGGRAVATED ASSAULT"",0416,52,M,B,214,""BUS DEPOT/TERMINAL, OTHER THAN MTA"",500,UNKNOWN WEAPON/OTHER WEAPON,IC,Invest Cont,230,,,,800 N  ALAMEDA                      ST,,""(34.0563, -118.2374)"""
"100105878,02/05/2010,01/03/2010,1400,01,Central,0155,341,""THEFT-GRAND ($950.01 & OVER)EXCPT,GUNS,FOWL,LIVESTK,PROD"",0344,46,F,B,702,OFFICE BUILDING/OFFICE,,,IC,Invest Cont,341,,,,500    MAPLE                        AV,,""(34.0454, -118.2466)"""
"100105883,02/05/2010,02/03/2010,1705,01,Central,0195,440,THEFT PLAIN - PETTY ($950 & UNDER),0344 0601,49,M,A,203,OTHER BUSINESS,,,IC,Invest Cont,440,,,,1400 S  MAIN                         ST,,""(34.035, -118.2615)"""
"100105902,02/06/2010,02/06/2010,0100,01,Central,0101,510,VEHICLE - STOLEN,,0,,,101,STREET,,,IC,Invest Cont,510,,,,1000    ALPINE                       ST,,""(34.0649, -118.2465)"""
"100105913,02/06/2010,02/05/2010,1100,01,Central,0118,420,THEFT FROM MOTOR VEHICLE - PETTY ($950 & UNDER),,0,,,101,STREET,,,IC,Invest Cont,420,,,,1200 N  MAIN                         ST,,""(34.064, -118.2327)"""
"100105920,02/06/2010,02/05/2010,1830,01,Central,0181,745,VANDALISM - MISDEAMEANOR ($399 OR UNDER),0329,0,M,O,122,""VEHICLE, PASSENGER/TRUCK"",,,IC,Invest Cont,745,,,,1100 S  FIGUEROA                     ST,,""(34.0437, -118.2652)"""
"100105939,02/06/2010,02/05/2010,0900,01,Central,0152,341,""THEFT-GRAND ($950.01 & OVER)EXCPT,GUNS,FOWL,LIVESTK,PROD"",0344,51,M,O,203,OTHER BUSINESS,,,IC,Invest Cont,341,,,,600    WILSHIRE                     BL,,""(34.048, -118.256)"""
"100105957,02/07/2010,02/06/2010,1850,01,Central,0142,740,""VANDALISM - FELONY ($400 & OVER, ALL CHURCH VANDALISMS)"",0329,25,M,B,203,OTHER BUSINESS,,,IC,Invest Cont,740,,,,500 W  5TH                          ST,,""(34.0495, -118.2529)"""
"100105972,02/07/2010,02/07/2010,1110,01,Central,0182,210,ROBBERY,0344 0400,58,M,B,124,BUS STOP,400,""STRONG-ARM (HANDS, FIST, FEET OR BODILY FORCE)"",IC,Invest Cont,210,,,,PICO                         BL,GRAND                        AV,""(34.0389, -118.2643)"""
"100105977,02/07/2010,02/01/2010,1000,01,Central,0132,341,""THEFT-GRAND ($950.01 & OVER)EXCPT,GUNS,FOWL,LIVESTK,PROD"",,37,M,B,501,SINGLE FAMILY DWELLING,,,IC,Invest Cont,341,,,,200 S  GRAND                        AV,,""(34.0545, -118.2499)"""
"100105991,02/08/2010,02/07/2010,1415,01,Central,0152,860,BATTERY WITH SEXUAL CONTACT,0400,0,F,B,738,LIBRARY,400,""STRONG-ARM (HANDS, FIST, FEET OR BODILY FORCE)"",IC,Invest Cont,860,,,,600 W  5TH                          ST,,""(34.0502, -118.254)"""
"100105992,02/08/2010,02/07/2010,1415,01,Central,0152,860,BATTERY WITH SEXUAL CONTACT,0400,0,F,B,738,LIBRARY,400,""STRONG-ARM (HANDS, FIST, FEET OR BODILY FORCE)"",IC,Invest Cont,860,,,,600 W  5TH                          ST,,""(34.0502, -118.254)"""
"100106011,02/08/2010,02/05/2010,1630,01,Central,0192,341,""THEFT-GRAND ($950.01 & OVER)EXCPT,GUNS,FOWL,LIVESTK,PROD"",0344 1810,53,M,B,502,""MULTI-UNIT DWELLING (APARTMENT, DUPLEX, ETC)"",,,IC,Invest Cont,341,,,,1300 S  OLIVE                        ST,,""(34.0381, -118.2629)"""
"100106012,02/08/2010,01/27/2010,1800,01,Central,0164,341,""THEFT-GRAND ($950.01 & OVER)EXCPT,GUNS,FOWL,LIVESTK,PROD"",0344 0601 1803,52,M,A,504,OTHER RESIDENCE,,,IC,Invest Cont,341,,,,600 S  MAIN                         ST,,""(34.0453, -118.2499)"""
"100106023,02/08/2010,02/08/2010,1450,01,Central,0162,440,THEFT PLAIN - PETTY ($950 & UNDER),0325,0,M,B,203,OTHER BUSINESS,,,IC,Invest Cont,440,,,,700 W  7TH                          ST,,""(34.048, -118.2577)"""
"100106028,02/09/2010,02/08/2010,1200,01,Central,0153,341,""THEFT-GRAND ($950.01 & OVER)EXCPT,GUNS,FOWL,LIVESTK,PROD"",0344,73,F,W,709,PUBLIC RESTROOM(INDOORS-INSIDE),,,IC,Invest Cont,341,,,,600 S  HILL                         ST,,""(34.0474, -118.2531)"""
"100106036,02/05/2010,02/04/2010,1030,01,Central,0157,210,ROBBERY,0342 0344 0352 0416 0420 0417 0429 0444 1202 1221,70,M,B,102,SIDEWALK,400,""STRONG-ARM (HANDS, FIST, FEET OR BODILY FORCE)"",IC,Invest Cont,210,,,,6TH                          ST,SAN PEDRO,""(34.0417, -118.2443)"""
"100106067,02/09/2010,02/08/2010,1215,01,Central,0185,624,BATTERY - SIMPLE ASSAULT,0319 0400 0601,44,F,H,203,OTHER BUSINESS,400,""STRONG-ARM (HANDS, FIST, FEET OR BODILY FORCE)"",AO,Adult Other,624,,,,1100    SANTEE                       ST,,""(34.0378, -118.2561)"""
"100106068,02/09/2010,02/09/2010,1430,01,Central,0132,510,VEHICLE - STOLEN,,0,,,101,STREET,,,IC,Invest Cont,510,,,,200 S  GRAND                        AV,,""(34.0545, -118.2499)"""
"100106084,02/10/2010,02/05/2010,1200,01,Central,0162,341,""THEFT-GRAND ($950.01 & OVER)EXCPT,GUNS,FOWL,LIVESTK,PROD"",0344 0601,30,F,A,702,OFFICE BUILDING/OFFICE,,,IC,Invest Cont,341,,,,800 W  7TH                          ST,,""(34.0487, -118.2588)"""
"100106134,02/10/2010,02/10/2010,0930,01,Central,0135,510,VEHICLE - STOLEN,,0,,,108,PARKING LOT,,,IC,Invest Cont,510,,,,300 S  SPRING                       ST,,""(34.0503, -118.247)"""
"100106150,02/10/2010,01/13/2010,0001,01,Central,0155,946,OTHER MISCELLANEOUS CRIME,,0,M,O,726,POLICE FACILITY,,,IC,Invest Cont,946,,,,200 E  6TH                          ST,,""(34.0446, -118.249)"""
"100106160,02/11/2010,02/08/2010,2000,01,Central,0192,740,""VANDALISM - FELONY ($400 & OVER, ALL CHURCH VANDALISMS)"",0329,61,M,W,502,""MULTI-UNIT DWELLING (APARTMENT, DUPLEX, ETC)"",,,IC,Invest Cont,740,,,,1300 S  HOPE                         ST,,""(34.0395, -118.2656)"""
"100106174,02/11/2010,02/11/2010,0615,01,Central,0119,510,VEHICLE - STOLEN,,0,,,101,STREET,,,IC,Invest Cont,510,,,,500    RAMIREZ                      ST,,""(34.0552, -118.2322)"""
"100106198,02/11/2010,02/11/2010,1030,01,Central,0192,510,VEHICLE - STOLEN,,0,,,101,STREET,,,IC,Invest Cont,510,,,,HOPE,PICO,""(34.0391, -118.2659)"""
"100106243,02/12/2010,01/05/2010,2100,01,Central,0127,310,BURGLARY,,0,M,W,710,OTHER PREMISE,,,IC,Invest Cont,310,,,,100 N  LOS ANGELES                  ST,,""(34.0515, -118.2424)"""
"100106251,02/12/2010,02/11/2010,1900,01,Central,0118,900,VIOLATION OF COURT ORDER,0906,0,M,W,102,SIDEWALK,,,IC,Invest Cont,900,,,,BLOOM,CARDINAL,""(34.0633, -118.229)"""
"100106254,02/12/2010,02/03/2010,0450,01,Central,0162,341,""THEFT-GRAND ($950.01 & OVER)EXCPT,GUNS,FOWL,LIVESTK,PROD"",0344 0601,46,M,W,203,OTHER BUSINESS,,,IC,Invest Cont,341,,,,800 S  FIGUEROA                     ST,,""(34.0479, -118.2612)"""
"100106275,02/13/2010,02/13/2010,0330,01,Central,0118,510,VEHICLE - STOLEN,,0,,,101,STREET,,,IC,Invest Cont,510,,,,LLEWELLYN,N  SPRING,""(34.0663, -118.2302)"""
"100106276,02/13/2010,02/13/2010,0330,01,Central,0118,510,VEHICLE - STOLEN,,0,,,101,STREET,,,IC,Invest Cont,510,,,,LLEWELLYN,N  SPRING,""(34.0663, -118.2302)"""
"100106291,02/13/2010,02/11/2010,2130,01,Central,0146,420,THEFT FROM MOTOR VEHICLE - PETTY ($950 & UNDER),,0,,,101,STREET,,,IC,Invest Cont,420,,,,4TH                          ST,LOS ANGELES                  ST,""(34.047, -118.2458)"""
"100106292,02/13/2010,02/13/2010,1200,01,Central,0153,420,THEFT FROM MOTOR VEHICLE - PETTY ($950 & UNDER),,0,,,101,STREET,,,IC,Invest Cont,420,,,,HILL                         ST,6TH                          ST,""(34.0474, -118.2531)"""
"100106300,02/13/2010,02/13/2010,1530,01,Central,0131,740,""VANDALISM - FELONY ($400 & OVER, ALL CHURCH VANDALISMS)"",0329,56,F,W,502,""MULTI-UNIT DWELLING (APARTMENT, DUPLEX, ETC)"",,,AA,Adult Arrest,740,,,,100 S  FIGUEROA                     ST,,""(34.0578, -118.252)"""
"100106309,02/13/2010,02/13/2010,1400,01,Central,0138,341,""THEFT-GRAND ($950.01 & OVER)EXCPT,GUNS,FOWL,LIVESTK,PROD"",0344,44,F,O,406,OTHER STORE,,,IC,Invest Cont,341,,,,200    BOYD                         ST,,""(34.0478, -118.2454)"""
"100106346,02/14/2010,02/14/2010,1120,01,Central,0119,510,VEHICLE - STOLEN,,0,,,108,PARKING LOT,,,AO,Adult Other,510,,,,400    BAUCHET                      ST,,""(34.0587, -118.233)"""
"100106354,02/15/2010,02/15/2010,0010,01,Central,0192,740,""VANDALISM - FELONY ($400 & OVER, ALL CHURCH VANDALISMS)"",0329 0906,29,M,W,701,HOSPITAL,,,AA,Adult Arrest,740,,,,1300 S  HOPE                         ST,,""(34.0395, -118.2656)"""
"100106357,02/15/2010,02/15/2010,0200,01,Central,0127,745,VANDALISM - MISDEAMEANOR ($399 OR UNDER),1501,0,M,W,726,POLICE FACILITY,,,IC,Invest Cont,745,,,,TEMPLE                       ST,LOS ANGELES                  ST,""(34.0534, -118.2409)"""
"141816266,11/05/2015,10/01/2015,0800,12,77th Street,1249,805,PIMPING,1402 0908 0913,24,F,B,101,STREET,,,AA,Adult Arrest,805,998,,,FIGUEROA                     ST,65TH                         ST,""(33.9807, -118.2827)"""
"100106359,02/15/2010,02/15/2010,0030,01,Central,0192,626,INTIMATE PARTNER - SIMPLE ASSAULT,0400 0408 0417 0421 0429 0906 2000,37,F,H,501,SINGLE FAMILY DWELLING,400,""STRONG-ARM (HANDS, FIST, FEET OR BODILY FORCE)"",AA,Adult Arrest,626,,,,1500 S  HOPE                         ST,,""(34.0371, -118.2672)"""
"100106390,02/15/2010,02/15/2010,1810,01,Central,0155,810,""SEX,UNLAWFUL(INC MUTUAL CONSENT, PENETRATION W/ FRGN OBJ"",0429 0500,38,F,W,710,OTHER PREMISE,400,""STRONG-ARM (HANDS, FIST, FEET OR BODILY FORCE)"",IC,Invest Cont,810,,,,200 E  6TH                          ST,,""(34.0446, -118.249)"""
"100106391,02/15/2010,02/15/2010,1740,01,Central,0162,440,THEFT PLAIN - PETTY ($950 & UNDER),0325,0,F,H,404,DEPARTMENT STORE,,,IC,Invest Cont,440,,,,700 W  7TH                          ST,,""(34.048, -118.2577)"""
"100106427,02/16/2010,02/09/2010,1400,01,Central,0154,956,""LETTERS, LEWD  -  TELEPHONE CALLS, LEWD"",0432,41,M,B,502,""MULTI-UNIT DWELLING (APARTMENT, DUPLEX, ETC)"",,,IC,Invest Cont,956,,,,500 S  MAIN                         ST,,""(34.0467, -118.2485)"""
"100106445,02/17/2010,02/16/2010,2330,01,Central,0182,510,VEHICLE - STOLEN,,0,,,103,ALLEY,,,IC,Invest Cont,510,,,,1000 S  GRAND                        AV,,""(34.043, -118.2606)"""
"100106460,02/17/2010,01/31/2010,2100,01,Central,0154,510,VEHICLE - STOLEN,,0,,,108,PARKING LOT,,,IC,Invest Cont,510,,,,500 S  MAIN                         ST,,""(34.0467, -118.2485)"""
"100106477,02/17/2010,02/07/2010,2200,01,Central,0162,510,VEHICLE - STOLEN,,0,,,108,PARKING LOT,,,IC,Invest Cont,510,,,,8TH,FLOWER,""(34.0473, -118.2601)"""
"100106492,02/17/2010,02/16/2010,2000,01,Central,0161,341,""THEFT-GRAND ($950.01 & OVER)EXCPT,GUNS,FOWL,LIVESTK,PROD"",0344,51,M,H,717,HEALTH SPA/GYM,,,IC,Invest Cont,341,,,,700 S  FIGUEROA                     ST,,""(34.0494, -118.2599)"""
"100106493,02/17/2010,02/12/2010,0135,01,Central,0139,341,""THEFT-GRAND ($950.01 & OVER)EXCPT,GUNS,FOWL,LIVESTK,PROD"",0344,31,F,W,210,RESTAURANT/FAST FOOD,,,IC,Invest Cont,341,,,,700 E  3RD                          ST,,""(34.0455, -118.2379)"""
"100106500,02/17/2010,02/17/2010,1545,01,Central,0152,649,DOCUMENT FORGERY / STOLEN FELONY,0100 0800 0924,0,F,H,602,BANK,,,IC,Invest Cont,649,,,,700    WILSHIRE                     BL,,""(34.0487, -118.2571)"""
"100106511,02/17/2010,02/17/2010,1730,01,Central,0195,956,""LETTERS, LEWD  -  TELEPHONE CALLS, LEWD"",,19,F,H,203,OTHER BUSINESS,,,IC,Invest Cont,956,,,,100 E  WASHINGTON                   BL,,""(34.0311, -118.2646)"""
"100106514,02/18/2010,02/16/2010,0100,01,Central,0157,510,VEHICLE - STOLEN,,0,,,101,STREET,,,IC,Invest Cont,510,,,,7TH                          ST,TOWNE                        ST,""(34.039, -118.2444)"""
"100106520,02/18/2010,02/18/2010,1115,01,Central,0138,420,THEFT FROM MOTOR VEHICLE - PETTY ($950 & UNDER),0344 1202,78,M,X,101,STREET,,,IC,Invest Cont,420,,,,400 E  3RD                          ST,,""(34.0473, -118.2425)"""
"100106540,02/18/2010,02/18/2010,1200,01,Central,0195,510,VEHICLE - STOLEN,,0,,,101,STREET,,,IC,Invest Cont,510,,,,PICO                         BL,MAPLE                        ST,""(34.0346, -118.2572)"""
"100106553,02/18/2010,02/18/2010,1430,01,Central,0158,510,VEHICLE - STOLEN,,0,,,108,PARKING LOT,,,IC,Invest Cont,510,,,,CENTRAL                      AV,INDUSTRIAL                   ST,""(34.0374, -118.2406)"""
