imagen,precio,titulo
https://www.fybeca.com/images/thumbnail/52310.jpg,,immuvit plus q10 capsulas
https://www.fybeca.com/images/thumbnail/156910.jpg,,biometrix a-ox antioxidante capsulas
,,perlavit-e capsulas 1000 ui
,,perlavit-e  capsulas 200 ui
https://www.fybeca.com/images/thumbnail/100032015.jpg,,energit forte capsulas
https://www.fybeca.com/images/thumbnail/5142.jpg,,kobil ems capsulas
https://www.fybeca.com/images/thumbnail/283227.jpg,,coenzima q plus capsulas caja 20 unidades
https://www.fybeca.com/images/thumbnail/5141.jpg,,kobil e capsulas
https://www.fybeca.com/images/thumbnail/1542.jpg,,supravital capsulas
https://www.fybeca.com/images/thumbnail/44276.jpg,,supravital platinum capsulas 
https://www.fybeca.com/images/thumbnail/1352.jpg,,pharmaton capsulas 30 unidades
https://www.fybeca.com/images/thumbnail/100097237.jpg,,egogyn capsulas blandas 400ui c/30
https://www.fybeca.com/images/thumbnail/41895.jpg,,egogyn 1000 u.i vitamina e capsulas caja de 30 unidades
https://www.fybeca.com/images/thumbnail/41929.jpg,,perfectil capsulas caja 30 unidades
https://www.fybeca.com/images/thumbnail/301572.jpg,,hapeco plus capsulas caja 24 unidades
https://www.fybeca.com/images/thumbnail/2330.jpg,,etec 1000 capsulas blandas 1000
